R05constraint0.1kappa1.01 (0.0, 0.0) 199999.0 1
R06constraint0.1kappa1.01 (0.0, 0.0) 199999.0 1
R06constraint0.15kappa1.01 (0.0, 0.0) 199999.0 1
R06constraint0.25kappa1.01 (0.0, 0.0) 199999.0 1
R06constraint0.2kappa1.01 (0.0, 0.0) 199999.0 1
R05constraint0.15kappa1.01 (0.0, 0.0) 199999.0 1
R06constraint0.3kappa1.01 (0.0, 0.0) 199999.0 1
R04constraint0.1kappa1.01 (0.0, 0.0) 199999.0 1
R05constraint0.2kappa1.01 (0.0, 0.0) 199999.0 1
R05constraint0.3kappa1.01 (0.0, 0.0) 199999.0 1
R05constraint0.25kappa1.01 (0.0, 0.0) 199999.0 1
R04constraint0.15kappa1.01 (0.0, 0.0) 199999.0 1
R04constraint0.2kappa1.01 (0.0, 0.0) 199999.0 1
R05constraint0.1kappa1.0 (0.0, 0.0) 199999.0 1
R06constraint0.1kappa1.0 (0.0, 0.0) 199999.0 1
R04constraint0.25kappa1.01 (0.0, 0.0) 199999.0 1
R04constraint0.3kappa1.01 (0.0, 0.0) 199999.0 1
R06constraint0.15kappa1.0 (0.0, 0.0) 199999.0 1
R03constraint0.1kappa1.01 (0.0, 0.0) 199999.0 1
R06constraint0.2kappa1.0 (0.0, 0.0) 199999.0 1
R06constraint0.25kappa1.0 (0.0, 0.0) 199999.0 1
R03constraint0.15kappa1.01 (0.0, 0.0) 199999.0 1
R06constraint0.3kappa1.0 (0.0, 0.0) 199999.0 1
R05constraint0.15kappa1.0 (0.0, 0.0) 199999.0 1
R03constraint0.2kappa1.01 (0.0, 0.0) 199999.0 1
R03constraint0.25kappa1.01 (0.0, 0.0) 199999.0 1
R04constraint0.1kappa1.0 (0.0, 0.0) 199999.0 1
R05constraint0.2kappa1.0 (0.0, 0.0) 199999.0 1
R06constraint0.1kappa0.99 (0.0, 0.0) 199999.0 1
R05constraint0.1kappa0.99 (0.0, 0.0) 199999.0 1
R05constraint0.25kappa1.0 (0.0, 0.0) 199999.0 1
R05constraint0.3kappa1.0 (0.0, 0.0) 199999.0 1
R06constraint0.15kappa0.99 (0.0, 0.0) 199999.0 1
R04constraint0.15kappa1.0 (0.0, 0.0) 199999.0 1
R03constraint0.3kappa1.01 (0.001, 0.001) 8899.0 1
R06constraint0.2kappa0.99 (0.0, 0.0) 199999.0 1
R04constraint0.2kappa1.0 (0.0, 0.0) 199999.0 1
R06constraint0.25kappa0.99 (0.0, 0.0) 199999.0 1
R05constraint0.15kappa0.99 (0.0, 0.0) 199999.0 1
R06constraint0.3kappa0.99 (0.0, 0.0) 199999.0 1
R04constraint0.25kappa1.0 (0.0, 0.0) 199999.0 1
R06constraint0.1kappa0.98 (0.0, 0.0) 199999.0 1
R05constraint0.1kappa0.98 (0.0, 0.0) 199999.0 1
R04constraint0.3kappa1.0 (0.0, 0.0) 199999.0 1
R06constraint0.15kappa0.98 (0.0, 0.0) 199999.0 1
R05constraint0.2kappa0.99 (0.0, 0.0) 199999.0 1
R03constraint0.1kappa1.0 (0.0, 0.0) 199999.0 1
R04constraint0.1kappa0.99 (0.0, 0.0) 199999.0 1
R05constraint0.25kappa0.99 (0.0, 0.0) 199999.0 1
R02constraint0.1kappa1.01 (0.0, 0.0) 199999.0 1
R05constraint0.3kappa0.99 (0.0, 0.0) 199999.0 1
R06constraint0.2kappa0.98 (0.0, 0.0) 199999.0 1
R04constraint0.15kappa0.99 (0.0, 0.0) 199999.0 1
R06constraint0.25kappa0.98 (0.0, 0.0) 199999.0 1
R06constraint0.1kappa0.97 (0.0, 0.0) 199999.0 1
R03constraint0.15kappa1.0 (0.0, 0.0) 199999.0 1
R06constraint0.3kappa0.98 (0.0, 0.0) 199999.0 1
R05constraint0.15kappa0.98 (0.0, 0.0) 199999.0 1
R05constraint0.1kappa0.97 (0.0, 0.0) 199999.0 1
R04constraint0.2kappa0.99 (0.0, 0.0) 199999.0 1
R06constraint0.15kappa0.97 (0.0, 0.0) 199999.0 1
R03constraint0.2kappa1.0 (0.0, 0.0) 199999.0 1
R02constraint0.15kappa1.01 (0.0, 0.0) 199999.0 1
R05constraint0.2kappa0.98 (0.0, 0.0) 199999.0 1
R04constraint0.25kappa0.99 (0.0, 0.0) 199999.0 1
R06constraint0.2kappa0.97 (0.0, 0.0) 199999.0 1
R03constraint0.25kappa1.0 (0.0, 0.0) 199999.0 1
R04constraint0.1kappa0.98 (0.0, 0.0) 199999.0 1
R06constraint0.1kappa0.96 (0.0, 0.0) 199999.0 1
R05constraint0.25kappa0.98 (0.0, 0.0) 199999.0 1
R06constraint0.25kappa0.97 (0.0, 0.0) 199999.0 1
R02constraint0.3kappa1.01 (0.003, 0.003) 1.0 1
R02constraint0.25kappa1.01 (0.003, 0.003) 1.0 1
R02constraint0.2kappa1.01 (0.003, 0.003) 1.0 1
R04constraint0.15kappa0.98 (0.0, 0.0) 199999.0 1
R05constraint0.3kappa0.98 (0.0, 0.0) 199999.0 1
R04constraint0.3kappa0.99 (0.0, 0.0) 199999.0 1
R05constraint0.1kappa0.96 (0.0, 0.0) 199999.0 1
R06constraint0.15kappa0.96 (0.0, 0.0) 199999.0 1
R06constraint0.3kappa0.97 (0.0, 0.0) 199999.0 1
R05constraint0.15kappa0.97 (0.0, 0.0) 199999.0 1
R03constraint0.1kappa0.99 (0.0, 0.0) 199999.0 1
R03constraint0.3kappa1.0 (0.001, 0.001) 9165.0 1
R06constraint0.2kappa0.96 (0.0, 0.0) 199999.0 1
R06constraint0.1kappa0.9500000000000001 (0.0, 0.0) 199999.0 1
R05constraint0.2kappa0.97 (0.0, 0.0) 199999.0 1
R04constraint0.2kappa0.98 (0.0, 0.0) 199999.0 1
R06constraint0.25kappa0.96 (0.0, 0.0) 199999.0 1
R03constraint0.15kappa0.99 (0.0, 0.0) 199999.0 1
R04constraint0.1kappa0.97 (0.0, 0.0) 199999.0 1
R05constraint0.25kappa0.97 (0.0, 0.0) 199999.0 1
R05constraint0.1kappa0.9500000000000001 (0.0, 0.0) 199999.0 1
R04constraint0.25kappa0.98 (0.0, 0.0) 199999.0 1
R06constraint0.15kappa0.9500000000000001 (0.0, 0.0) 199999.0 1
R05constraint0.3kappa0.97 (0.0, 0.0) 199999.0 1
R06constraint0.3kappa0.96 (0.0, 0.0) 199999.0 1
R05constraint0.15kappa0.96 (0.0, 0.0) 199999.0 1
R04constraint0.15kappa0.97 (0.0, 0.0) 199999.0 1
R06constraint0.1kappa0.9400000000000001 (0.0, 0.0) 199999.0 1
R06constraint0.2kappa0.9500000000000001 (0.0, 0.0) 199999.0 1
R03constraint0.2kappa0.99 (0.0, 0.0) 199999.0 1
R04constraint0.3kappa0.98 (0.0, 0.0) 199999.0 1
R05constraint0.2kappa0.96 (0.0, 0.0) 199999.0 1
R06constraint0.25kappa0.9500000000000001 (0.0, 0.0) 199999.0 1
R05constraint0.1kappa0.9400000000000001 (0.0, 0.0) 199999.0 1
R06constraint0.15kappa0.9400000000000001 (0.0, 0.0) 199999.0 1
R03constraint0.25kappa0.99 (0.0, 0.0) 199999.0 1
R03constraint0.1kappa0.98 (0.0, 0.0) 199999.0 1
R02constraint0.1kappa1.0 (0.0, 0.0) 199999.0 1
R04constraint0.1kappa0.96 (0.0, 0.0) 199999.0 1
R05constraint0.25kappa0.96 (0.0, 0.0) 199999.0 1
R04constraint0.2kappa0.97 (0.0, 0.0) 199999.0 1
R06constraint0.1kappa0.93 (0.0, 0.0) 199999.0 1
R06constraint0.3kappa0.9500000000000001 (0.0, 0.0) 199999.0 1
R05constraint0.15kappa0.9500000000000001 (0.0, 0.0) 199999.0 1
R05constraint0.3kappa0.96 (0.0, 0.0) 199999.0 1
R06constraint0.2kappa0.9400000000000001 (0.0, 0.0) 199999.0 1
R04constraint0.25kappa0.97 (0.0, 0.0) 199999.0 1
R04constraint0.15kappa0.96 (0.0, 0.0) 199999.0 1
R06constraint0.15kappa0.93 (0.0, 0.0) 199999.0 1
R06constraint0.25kappa0.9400000000000001 (0.0, 0.0) 199999.0 1
R05constraint0.1kappa0.93 (0.0, 0.0) 199999.0 1
R03constraint0.15kappa0.98 (0.0, 0.0) 199999.0 1
R05constraint0.2kappa0.9500000000000001 (0.0, 0.0) 199999.0 1
R06constraint0.1kappa0.92 (0.0, 0.0) 199999.0 1
R03constraint0.3kappa0.99 (0.001, 0.001) 9448.0 1
R04constraint0.3kappa0.97 (0.0, 0.0) 199999.0 1
R04constraint0.1kappa0.9500000000000001 (0.0, 0.0) 199999.0 1
R05constraint0.15kappa0.9400000000000001 (0.0, 0.0) 199999.0 1
R05constraint0.25kappa0.9500000000000001 (0.0, 0.0) 199999.0 1
R06constraint0.3kappa0.9400000000000001 (0.0, 0.0) 199999.0 1
R06constraint0.2kappa0.93 (0.0, 0.0) 199999.0 1
R04constraint0.2kappa0.96 (0.0, 0.0) 199999.0 1
R06constraint0.15kappa0.92 (0.0, 0.0) 199999.0 1
R05constraint0.1kappa0.92 (0.0, 0.0) 199999.0 1
R05constraint0.3kappa0.9500000000000001 (0.0, 0.0) 199999.0 1
R06constraint0.25kappa0.93 (0.0, 0.0) 199999.0 1
R03constraint0.1kappa0.97 (0.0, 0.0) 199999.0 1
R06constraint0.1kappa0.91 (0.0, 0.0) 199999.0 1
R03constraint0.2kappa0.98 (0.0, 0.0) 199999.0 1
R04constraint0.15kappa0.9500000000000001 (0.0, 0.0) 199999.0 1
R05constraint0.2kappa0.9400000000000001 (0.0, 0.0) 199999.0 1
R02constraint0.15kappa1.0 (0.0, 0.0) 199999.0 1
R04constraint0.25kappa0.96 (0.0, 0.0) 199999.0 1
R05constraint0.15kappa0.93 (0.0, 0.0) 199999.0 1
R06constraint0.2kappa0.92 (0.0, 0.0) 199999.0 1
R06constraint0.3kappa0.93 (0.0, 0.0) 199999.0 1
R03constraint0.25kappa0.98 (0.0, 0.0) 199999.0 1
R04constraint0.1kappa0.9400000000000001 (0.0, 0.0) 199999.0 1
R05constraint0.25kappa0.9400000000000001 (0.0, 0.0) 199999.0 1
R02constraint0.3kappa1.0 (0.003, 0.003) 1.0 1
R06constraint0.15kappa0.91 (0.0, 0.0) 199999.0 1
R05constraint0.1kappa0.91 (0.0, 0.0) 199999.0 1
R06constraint0.1kappa0.9 (0.0, 0.0) 199999.0 1
R02constraint0.2kappa1.0 (0.003, 0.003) 1.0 1
R06constraint0.25kappa0.92 (0.0, 0.0) 199999.0 1
R03constraint0.15kappa0.97 (0.0, 0.0) 199999.0 1
R02constraint0.25kappa1.0 (0.003, 0.003) 1.0 1
R05constraint0.3kappa0.9400000000000001 (0.0, 0.0) 199999.0 1
R04constraint0.3kappa0.96 (0.0, 0.0) 199999.0 1
R04constraint0.2kappa0.9500000000000001 (0.0, 0.0) 199999.0 1
R04constraint0.15kappa0.9400000000000001 (0.0, 0.0) 199999.0 1
R05constraint0.2kappa0.93 (0.0, 0.0) 199999.0 1
R05constraint0.15kappa0.92 (0.0, 0.0) 199999.0 1
R06constraint0.2kappa0.91 (0.0, 0.0) 199999.0 1
R06constraint0.15kappa0.9 (0.0, 0.0) 199999.0 1
R06constraint0.1kappa0.89 (0.0, 0.0) 199999.0 1
R05constraint0.1kappa0.9 (0.0, 0.0) 199999.0 1
R06constraint0.3kappa0.92 (0.0, 0.0) 199999.0 1
R02constraint0.1kappa0.99 (0.0, 0.0) 199999.0 1
R03constraint0.1kappa0.96 (0.0, 0.0) 199999.0 1
R04constraint0.25kappa0.9500000000000001 (0.0, 0.0) 199999.0 1
R06constraint0.25kappa0.91 (0.0, 0.0) 199999.0 1
R04constraint0.1kappa0.93 (0.0, 0.0) 199999.0 1
R05constraint0.25kappa0.93 (0.0, 0.0) 199999.0 1
R03constraint0.3kappa0.98 (0.001, 0.001) 9748.0 1
R03constraint0.2kappa0.97 (0.0, 0.0) 199999.0 1
R05constraint0.3kappa0.93 (0.0, 0.0) 199999.0 1
R06constraint0.1kappa0.88 (0.0, 0.0) 199999.0 1
R06constraint0.15kappa0.89 (0.0, 0.0) 199999.0 1
R05constraint0.15kappa0.91 (0.0, 0.0) 199999.0 1
R05constraint0.2kappa0.92 (0.0, 0.0) 199999.0 1
R06constraint0.2kappa0.9 (0.0, 0.0) 199999.0 1
R05constraint0.1kappa0.89 (0.0, 0.0) 199999.0 1
R04constraint0.15kappa0.93 (0.0, 0.0) 199999.0 1
R04constraint0.2kappa0.9400000000000001 (0.0, 0.0) 199999.0 1
R04constraint0.3kappa0.9500000000000001 (0.0, 0.0) 199999.0 1
R06constraint0.3kappa0.91 (0.0, 0.0) 199999.0 1
R06constraint0.25kappa0.9 (0.0, 0.0) 199999.0 1
R03constraint0.15kappa0.96 (0.0, 0.0) 199999.0 1
R03constraint0.25kappa0.97 (0.0, 0.0) 199999.0 1
R04constraint0.1kappa0.92 (0.0, 0.0) 199999.0 1
R05constraint0.25kappa0.92 (0.0, 0.0) 199999.0 1
R04constraint0.25kappa0.9400000000000001 (0.0, 0.0) 199999.0 1
R06constraint0.1kappa0.87 (0.0, 0.0) 199999.0 1
R06constraint0.15kappa0.88 (0.0, 0.0) 199999.0 1
R06constraint0.2kappa0.89 (0.0, 0.0) 199999.0 1
R05constraint0.1kappa0.88 (0.0, 0.0) 199999.0 1
R05constraint0.15kappa0.9 (0.0, 0.0) 199999.0 1
R03constraint0.1kappa0.9500000000000001 (0.0, 0.0) 199999.0 1
R05constraint0.3kappa0.92 (0.0, 0.0) 199999.0 1
R05constraint0.2kappa0.91 (0.0, 0.0) 199999.0 1
R06constraint0.25kappa0.89 (0.0, 0.0) 199999.0 1
R06constraint0.3kappa0.9 (0.0, 0.0) 199999.0 1
R04constraint0.15kappa0.92 (0.0, 0.0) 199999.0 1
R04constraint0.2kappa0.93 (0.0, 0.0) 199999.0 1
R06constraint0.1kappa0.86 (0.0, 0.0) 199999.0 1
R06constraint0.15kappa0.87 (0.0, 0.0) 199999.0 1
R04constraint0.1kappa0.91 (0.0, 0.0) 199999.0 1
R04constraint0.3kappa0.9400000000000001 (0.0, 0.0) 199999.0 1
R05constraint0.25kappa0.91 (0.0, 0.0) 199999.0 1
R05constraint0.1kappa0.87 (0.0, 0.0) 199999.0 1
R03constraint0.2kappa0.96 (0.0, 0.0) 199999.0 1
R06constraint0.2kappa0.88 (0.0, 0.0) 199999.0 1
R05constraint0.15kappa0.89 (0.0, 0.0) 199999.0 1
R02constraint0.15kappa0.99 (0.0, 0.0) 199999.0 1
R06constraint0.25kappa0.88 (0.0, 0.0) 199999.0 1
R05constraint0.3kappa0.91 (0.0, 0.0) 199999.0 1
R03constraint0.15kappa0.9500000000000001 (0.0, 0.0) 199999.0 1
R05constraint0.2kappa0.9 (0.0, 0.0) 199999.0 1
R04constraint0.25kappa0.93 (0.0, 0.0) 199999.0 1
R06constraint0.3kappa0.89 (0.0, 0.0) 199999.0 1
R03constraint0.3kappa0.97 (0.001, 0.001) 10069.0 1
R06constraint0.1kappa0.85 (0.0, 0.0) 199999.0 1
R06constraint0.15kappa0.86 (0.0, 0.0) 199999.0 1
R02constraint0.1kappa0.98 (0.0, 0.0) 199999.0 1
R03constraint0.1kappa0.9400000000000001 (0.0, 0.0) 199999.0 1
R03constraint0.25kappa0.96 (0.0, 0.0) 199999.0 1
R04constraint0.15kappa0.91 (0.0, 0.0) 199999.0 1
R05constraint0.1kappa0.86 (0.0, 0.0) 199999.0 1
R06constraint0.2kappa0.87 (0.0, 0.0) 199999.0 1
R02constraint0.2kappa0.99 (0.003, 0.003) 1.0 1
R04constraint0.1kappa0.9 (0.0, 0.0) 199999.0 1
R02constraint0.3kappa0.99 (0.003, 0.003) 1.0 1
R05constraint0.15kappa0.88 (0.0, 0.0) 199999.0 1
R04constraint0.2kappa0.92 (0.0, 0.0) 199999.0 1
R06constraint0.25kappa0.87 (0.0, 0.0) 199999.0 1
R05constraint0.25kappa0.9 (0.0, 0.0) 199999.0 1
R02constraint0.25kappa0.99 (0.003, 0.003) 1.0 1
R05constraint0.2kappa0.89 (0.0, 0.0) 199999.0 1
R06constraint0.3kappa0.88 (0.0, 0.0) 199999.0 1
R04constraint0.3kappa0.93 (0.0, 0.0) 199999.0 1
R06constraint0.15kappa0.85 (0.0, 0.0) 199999.0 1
R05constraint0.3kappa0.9 (0.0, 0.0) 199999.0 1
R06constraint0.1kappa0.84 (0.0, 0.0) 199999.0 1
R04constraint0.25kappa0.92 (0.0, 0.0) 199999.0 1
R05constraint0.1kappa0.85 (0.0, 0.0) 199999.0 1
R06constraint0.2kappa0.86 (0.0, 0.0) 199999.0 1
R04constraint0.15kappa0.9 (0.0, 0.0) 199999.0 1
R05constraint0.15kappa0.87 (0.0, 0.0) 199999.0 1
R03constraint0.2kappa0.9500000000000001 (0.0, 0.0) 199999.0 1
R06constraint0.25kappa0.86 (0.0, 0.0) 199999.0 1
R04constraint0.1kappa0.89 (0.0, 0.0) 199999.0 1
R03constraint0.15kappa0.9400000000000001 (0.0, 0.0) 199999.0 1
R05constraint0.25kappa0.89 (0.0, 0.0) 199999.0 1
R06constraint0.3kappa0.87 (0.0, 0.0) 199999.0 1
R05constraint0.2kappa0.88 (0.0, 0.0) 199999.0 1
R04constraint0.2kappa0.91 (0.0, 0.0) 199999.0 1
R06constraint0.15kappa0.84 (0.0, 0.0) 199999.0 1
R03constraint0.1kappa0.93 (0.0, 0.0) 199999.0 1
R05constraint0.3kappa0.89 (0.0, 0.0) 199999.0 1
R05constraint0.1kappa0.84 (0.0, 0.0) 199999.0 1
R06constraint0.1kappa0.8300000000000001 (0.0, 0.0) 199999.0 1
R06constraint0.2kappa0.85 (0.0, 0.0) 199999.0 1
R04constraint0.3kappa0.92 (0.0, 0.0) 199999.0 1
R05constraint0.15kappa0.86 (0.0, 0.0) 199999.0 1
R06constraint0.25kappa0.85 (0.0, 0.0) 199999.0 1
R03constraint0.3kappa0.96 (0.001, 0.001) 10411.0 1
R03constraint0.25kappa0.9500000000000001 (0.0, 0.0) 199999.0 1
R04constraint0.25kappa0.91 (0.0, 0.0) 199999.0 1
R04constraint0.1kappa0.88 (0.0, 0.0) 199999.0 1
R04constraint0.15kappa0.89 (0.0, 0.0) 199999.0 1
R06constraint0.3kappa0.86 (0.0, 0.0) 199999.0 1
R05constraint0.25kappa0.88 (0.0, 0.0) 199999.0 1
R05constraint0.2kappa0.87 (0.0, 0.0) 199999.0 1
R05constraint0.1kappa0.8300000000000001 (0.0, 0.0) 199999.0 1
R05constraint0.3kappa0.88 (0.0, 0.0) 199999.0 1
R04constraint0.2kappa0.9 (0.0, 0.0) 199999.0 1
R06constraint0.15kappa0.8300000000000001 (0.0, 0.0) 199999.0 1
R06constraint0.2kappa0.84 (0.0, 0.0) 199999.0 1
R05constraint0.15kappa0.85 (0.0, 0.0) 199999.0 1
R03constraint0.1kappa0.92 (0.0, 0.0) 199999.0 1
R02constraint0.1kappa0.97 (0.0, 0.0) 199999.0 1
R03constraint0.15kappa0.93 (0.0, 0.0) 199999.0 1
R06constraint0.25kappa0.84 (0.0, 0.0) 199999.0 1
R03constraint0.2kappa0.9400000000000001 (0.0, 0.0) 199999.0 1
R04constraint0.1kappa0.87 (0.0, 0.0) 199999.0 1
R02constraint0.15kappa0.98 (0.0, 0.0) 199999.0 1
R04constraint0.15kappa0.88 (0.0, 0.0) 199999.0 1
R05constraint0.1kappa0.8200000000000001 (0.0, 0.0) 199999.0 1
R06constraint0.3kappa0.85 (0.0, 0.0) 199999.0 1
R04constraint0.3kappa0.91 (0.0, 0.0) 199999.0 1
R05constraint0.2kappa0.86 (0.0, 0.0) 199999.0 1
R04constraint0.25kappa0.9 (0.0, 0.0) 199999.0 1
R05constraint0.25kappa0.87 (0.0, 0.0) 199999.0 1
R05constraint0.3kappa0.87 (0.0, 0.0) 199999.0 1
R05constraint0.15kappa0.84 (0.0, 0.0) 199999.0 1
R04constraint0.2kappa0.89 (0.0, 0.0) 199999.0 1
R03constraint0.25kappa0.9400000000000001 (0.0, 0.0) 199999.0 1
R04constraint0.1kappa0.86 (0.0, 0.0) 199999.0 1
R06constraint0.2kappa0.8300000000000001 (0.0, 0.0) 199999.0 1
R05constraint0.1kappa0.81 (0.0, 0.0) 199999.0 1
R06constraint0.25kappa0.8300000000000001 (0.0, 0.0) 199999.0 1
R06constraint0.3kappa0.84 (0.0, 0.0) 199999.0 1
R05constraint0.2kappa0.85 (0.0, 0.0) 199999.0 1
R02constraint0.2kappa0.98 (0.003, 0.003) 1.0 1
R04constraint0.15kappa0.87 (0.0, 0.0) 199999.0 1
R03constraint0.1kappa0.91 (0.0, 0.0) 199999.0 1
R03constraint0.3kappa0.9500000000000001 (0.001, 0.001) 10777.0 1
R02constraint0.3kappa0.98 (0.003, 0.003) 1.0 1
R05constraint0.25kappa0.86 (0.0, 0.0) 199999.0 1
R03constraint0.15kappa0.92 (0.0, 0.0) 199999.0 1
R02constraint0.25kappa0.98 (0.003, 0.003) 1.0 1
R05constraint0.15kappa0.8300000000000001 (0.0, 0.0) 199999.0 1
R06constraint0.1kappa0.8200000000000001 (0.005, 0.005) 198606.0 1
R04constraint0.25kappa0.89 (0.0, 0.0) 199999.0 1
R04constraint0.3kappa0.9 (0.0, 0.0) 199999.0 1
R05constraint0.3kappa0.86 (0.0, 0.0) 199999.0 1
R03constraint0.2kappa0.93 (0.0, 0.0) 199999.0 1
R04constraint0.2kappa0.88 (0.0, 0.0) 199999.0 1
R04constraint0.1kappa0.85 (0.0, 0.0) 199999.0 1
R05constraint0.1kappa0.8 (0.0, 0.0) 199999.0 1
R05constraint0.2kappa0.84 (0.0, 0.0) 199999.0 1
R06constraint0.15kappa0.8200000000000001 (0.005, 0.005) 198606.0 1
R04constraint0.15kappa0.86 (0.0, 0.0) 199999.0 1
R05constraint0.15kappa0.8200000000000001 (0.0, 0.0) 199999.0 1
R05constraint0.25kappa0.85 (0.0, 0.0) 199999.0 1
R06constraint0.3kappa0.8300000000000001 (0.0, 0.0) 199999.0 1
R03constraint0.1kappa0.9 (0.0, 0.0) 199999.0 1
R05constraint0.3kappa0.85 (0.0, 0.0) 199999.0 1
R02constraint0.1kappa0.96 (0.0, 0.0) 199999.0 1
R04constraint0.25kappa0.88 (0.0, 0.0) 199999.0 1
R03constraint0.25kappa0.93 (0.0, 0.0) 199999.0 1
R04constraint0.1kappa0.84 (0.0, 0.0) 199999.0 1
R04constraint0.3kappa0.89 (0.0, 0.0) 199999.0 1
R04constraint0.2kappa0.87 (0.0, 0.0) 199999.0 1
R05constraint0.2kappa0.8300000000000001 (0.0, 0.0) 199999.0 1
R03constraint0.15kappa0.91 (0.0, 0.0) 199999.0 1
R05constraint0.15kappa0.81 (0.0, 0.0) 199999.0 1
R05constraint0.25kappa0.84 (0.0, 0.0) 199999.0 1
R04constraint0.15kappa0.85 (0.0, 0.0) 199999.0 1
R03constraint0.2kappa0.92 (0.0, 0.0) 199999.0 1
R03constraint0.3kappa0.9400000000000001 (0.001, 0.001) 11170.0 1
R05constraint0.3kappa0.84 (0.0, 0.0) 199999.0 1
R02constraint0.15kappa0.97 (0.0, 0.0) 199999.0 1
R06constraint0.25kappa0.8200000000000001 (0.005, 0.005) 198606.0 1
R06constraint0.2kappa0.8200000000000001 (0.005, 0.005) 198606.0 1
R04constraint0.1kappa0.8300000000000001 (0.0, 0.0) 199999.0 1
R03constraint0.1kappa0.89 (0.0, 0.0) 199999.0 1
R05constraint0.1kappa0.79 (0.003, 0.003) 199542.0 1
R05constraint0.2kappa0.8200000000000001 (0.0, 0.0) 199999.0 1
R04constraint0.25kappa0.87 (0.0, 0.0) 199999.0 1
R04constraint0.2kappa0.86 (0.0, 0.0) 199999.0 1
R04constraint0.3kappa0.88 (0.0, 0.0) 199999.0 1
R05constraint0.25kappa0.8300000000000001 (0.0, 0.0) 199999.0 1
R05constraint0.15kappa0.8 (0.0, 0.0) 199999.0 1
R04constraint0.15kappa0.84 (0.0, 0.0) 199999.0 1
R05constraint0.3kappa0.8300000000000001 (0.0, 0.0) 199999.0 1
R03constraint0.15kappa0.9 (0.0, 0.0) 199999.0 1
R03constraint0.25kappa0.92 (0.0, 0.0) 199999.0 1
R04constraint0.1kappa0.8200000000000001 (0.0, 0.0) 199999.0 1
R05constraint0.2kappa0.81 (0.0, 0.0) 199999.0 1
R02constraint0.3kappa0.97 (0.003, 0.003) 1.0 1
R02constraint0.2kappa0.97 (0.003, 0.003) 1.0 1
R06constraint0.3kappa0.8200000000000001 (0.005, 0.005) 198606.0 1
R03constraint0.2kappa0.91 (0.0, 0.0) 199999.0 1
R03constraint0.1kappa0.88 (0.0, 0.0) 199999.0 1
R04constraint0.2kappa0.85 (0.0, 0.0) 199999.0 1
R02constraint0.25kappa0.97 (0.003, 0.003) 1.0 1
R04constraint0.25kappa0.86 (0.0, 0.0) 199999.0 1
R06constraint0.1kappa0.81 (0.007, 0.007) 197104.0 1
R05constraint0.25kappa0.8200000000000001 (0.0, 0.0) 199999.0 1
R04constraint0.15kappa0.8300000000000001 (0.0, 0.0) 199999.0 1
R04constraint0.3kappa0.87 (0.0, 0.0) 199999.0 1
R02constraint0.1kappa0.9500000000000001 (0.0, 0.0) 199999.0 1
R03constraint0.3kappa0.93 (0.001, 0.001) 11593.0 1
R05constraint0.3kappa0.8200000000000001 (0.0, 0.0) 199999.0 1
R04constraint0.1kappa0.81 (0.0, 0.0) 199999.0 1
R06constraint0.15kappa0.81 (0.007, 0.007) 197104.0 1
R05constraint0.2kappa0.8 (0.0, 0.0) 199999.0 1
R03constraint0.15kappa0.89 (0.0, 0.0) 199999.0 1
R04constraint0.2kappa0.84 (0.0, 0.0) 199999.0 1
R05constraint0.15kappa0.79 (0.003, 0.003) 199542.0 1
R04constraint0.25kappa0.85 (0.0, 0.0) 199999.0 1
R05constraint0.25kappa0.81 (0.0, 0.0) 199999.0 1
R04constraint0.15kappa0.8200000000000001 (0.0, 0.0) 199999.0 1
R03constraint0.1kappa0.87 (0.0, 0.0) 199999.0 1
R04constraint0.1kappa0.8 (0.0, 0.0) 199999.0 1
R05constraint0.1kappa0.78 (0.006, 0.006) 196981.0 1
R03constraint0.25kappa0.91 (0.0, 0.0) 199999.0 1
R05constraint0.3kappa0.81 (0.0, 0.0) 199999.0 1
R03constraint0.2kappa0.9 (0.0, 0.0) 199999.0 1
R04constraint0.3kappa0.86 (0.0, 0.0) 199999.0 1
R02constraint0.15kappa0.96 (0.0, 0.0) 199999.0 1
R06constraint0.25kappa0.81 (0.007, 0.007) 197104.0 1
R04constraint0.15kappa0.81 (0.0, 0.0) 199999.0 1
R06constraint0.2kappa0.81 (0.007, 0.007) 197104.0 1
R04constraint0.2kappa0.8300000000000001 (0.0, 0.0) 199999.0 1
R04constraint0.1kappa0.79 (0.0, 0.0) 199999.0 1
R05constraint0.25kappa0.8 (0.0, 0.0) 199999.0 1
R04constraint0.25kappa0.84 (0.0, 0.0) 199999.0 1
R03constraint0.3kappa0.92 (0.001, 0.001) 12049.0 1
R03constraint0.15kappa0.88 (0.0, 0.0) 199999.0 1
R05constraint0.3kappa0.8 (0.0, 0.0) 199999.0 1
R03constraint0.1kappa0.86 (0.0, 0.0) 199999.0 1
R05constraint0.2kappa0.79 (0.003, 0.003) 199542.0 1
R04constraint0.3kappa0.85 (0.0, 0.0) 199999.0 1
R02constraint0.1kappa0.9400000000000001 (0.0, 0.0) 199999.0 1
R04constraint0.15kappa0.8 (0.0, 0.0) 199999.0 1
R04constraint0.1kappa0.78 (0.0, 0.0) 199999.0 1
R03constraint0.25kappa0.9 (0.0, 0.0) 199999.0 1
R03constraint0.2kappa0.89 (0.0, 0.0) 199999.0 1
R04constraint0.2kappa0.8200000000000001 (0.0, 0.0) 199999.0 1
R02constraint0.3kappa0.96 (0.003, 0.003) 1.0 1
R04constraint0.25kappa0.8300000000000001 (0.0, 0.0) 199999.0 1
R02constraint0.2kappa0.96 (0.003, 0.003) 1.0 1
R02constraint0.25kappa0.96 (0.003, 0.003) 1.0 1
R06constraint0.3kappa0.81 (0.007, 0.007) 197104.0 1
R03constraint0.15kappa0.87 (0.0, 0.0) 199999.0 1
R05constraint0.15kappa0.78 (0.006, 0.006) 196981.0 1
R03constraint0.1kappa0.85 (0.0, 0.0) 199999.0 1
R04constraint0.3kappa0.84 (0.0, 0.0) 199999.0 1
R04constraint0.15kappa0.79 (0.0, 0.0) 199999.0 1
R04constraint0.1kappa0.77 (0.0, 0.0) 199999.0 1
R03constraint0.3kappa0.91 (0.001, 0.001) 12542.0 1
R06constraint0.1kappa0.8 (0.008, 0.008) 189803.0 1
R05constraint0.25kappa0.79 (0.003, 0.003) 199542.0 1
R04constraint0.2kappa0.81 (0.0, 0.0) 199999.0 1
R04constraint0.25kappa0.8200000000000001 (0.0, 0.0) 199999.0 1
R05constraint0.3kappa0.79 (0.004, 0.004) 184579.0 1
R06constraint0.15kappa0.8 (0.008, 0.008) 189803.0 1
R05constraint0.1kappa0.77 (0.007, 0.007) 197409.0 1
R03constraint0.2kappa0.88 (0.0, 0.0) 199999.0 1
R03constraint0.25kappa0.89 (0.0, 0.0) 199999.0 1
R04constraint0.1kappa0.76 (0.0, 0.0) 199999.0 1
R04constraint0.15kappa0.78 (0.0, 0.0) 199999.0 1
R03constraint0.1kappa0.84 (0.0, 0.0) 199999.0 1
R04constraint0.3kappa0.8300000000000001 (0.0, 0.0) 199999.0 1
R02constraint0.15kappa0.9500000000000001 (0.0, 0.0) 199999.0 1
R03constraint0.15kappa0.86 (0.0, 0.0) 199999.0 1
R04constraint0.2kappa0.8 (0.0, 0.0) 199999.0 1
R02constraint0.1kappa0.93 (0.0, 0.0) 199999.0 1
R05constraint0.2kappa0.78 (0.006, 0.006) 196981.0 1
R04constraint0.25kappa0.81 (0.0, 0.0) 199999.0 1
R04constraint0.15kappa0.77 (0.0, 0.0) 199999.0 1
R04constraint0.1kappa0.75 (0.0, 0.0) 199999.0 1
R03constraint0.3kappa0.9 (0.001, 0.001) 13077.0 1
R06constraint0.25kappa0.8 (0.008, 0.008) 189803.0 1
R03constraint0.1kappa0.8300000000000001 (0.0, 0.0) 199999.0 1
R04constraint0.3kappa0.8200000000000001 (0.0, 0.0) 199999.0 1
R03constraint0.2kappa0.87 (0.0, 0.0) 199999.0 1
R04constraint0.2kappa0.79 (0.0, 0.0) 199999.0 1
R06constraint0.2kappa0.8 (0.008, 0.008) 189803.0 1
R04constraint0.25kappa0.8 (0.0, 0.0) 199999.0 1
R03constraint0.25kappa0.88 (0.0, 0.0) 199999.0 1
R03constraint0.15kappa0.85 (0.0, 0.0) 199999.0 1
R02constraint0.3kappa0.9500000000000001 (0.003, 0.003) 1.0 1
R02constraint0.25kappa0.9500000000000001 (0.003, 0.003) 1.0 1
R02constraint0.2kappa0.9500000000000001 (0.003, 0.003) 1.0 1
R04constraint0.15kappa0.76 (0.0, 0.0) 199999.0 1
R05constraint0.25kappa0.78 (0.006, 0.006) 196981.0 1
R04constraint0.3kappa0.81 (0.0, 0.0) 199999.0 1
R05constraint0.15kappa0.77 (0.007, 0.007) 197409.0 1
R04constraint0.2kappa0.78 (0.0, 0.0) 199999.0 1
R05constraint0.3kappa0.78 (0.006, 0.006) 196981.0 1
R03constraint0.1kappa0.8200000000000001 (0.0, 0.0) 199999.0 1
R06constraint0.3kappa0.8 (0.009000000000000001, 0.009000000000000001) 177317.0 1
R03constraint0.2kappa0.86 (0.0, 0.0) 199999.0 1
R04constraint0.1kappa0.74 (0.003, 0.003) 199389.0 1
R04constraint0.25kappa0.79 (0.0, 0.0) 199999.0 1
R02constraint0.1kappa0.92 (0.0, 0.0) 199999.0 1
R04constraint0.15kappa0.75 (0.0, 0.0) 199999.0 1
R03constraint0.15kappa0.84 (0.0, 0.0) 199999.0 1
R03constraint0.3kappa0.89 (0.001, 0.001) 13659.0 1
R03constraint0.25kappa0.87 (0.0, 0.0) 199999.0 1
R02constraint0.15kappa0.9400000000000001 (0.0, 0.0) 199999.0 1
R05constraint0.1kappa0.76 (0.008, 0.008) 189776.0 1
R04constraint0.2kappa0.77 (0.0, 0.0) 199999.0 1
R04constraint0.3kappa0.8 (0.0, 0.0) 199999.0 1
R06constraint0.1kappa0.79 (0.007, 0.007) 197928.0 1
R03constraint0.1kappa0.81 (0.0, 0.0) 199999.0 1
R04constraint0.25kappa0.78 (0.0, 0.0) 199999.0 1
R06constraint0.15kappa0.79 (0.008, 0.008) 186723.0 1
R05constraint0.2kappa0.77 (0.007, 0.007) 197409.0 1
R03constraint0.2kappa0.85 (0.0, 0.0) 199999.0 1
R03constraint0.15kappa0.8300000000000001 (0.0, 0.0) 199999.0 1
R04constraint0.2kappa0.76 (0.0, 0.0) 199999.0 1
R04constraint0.3kappa0.79 (0.0, 0.0) 199999.0 1
R04constraint0.15kappa0.74 (0.003, 0.003) 199389.0 1
R04constraint0.25kappa0.77 (0.0, 0.0) 199999.0 1
R03constraint0.1kappa0.8 (0.0, 0.0) 199999.0 1
R03constraint0.25kappa0.86 (0.0, 0.0) 199999.0 1
R03constraint0.3kappa0.88 (0.001, 0.001) 14296.0 1
R04constraint0.1kappa0.73 (0.005, 0.005) 197676.0 1
R02constraint0.25kappa0.9400000000000001 (0.003, 0.003) 1.0 1
R02constraint0.2kappa0.9400000000000001 (0.003, 0.003) 1.0 1
R02constraint0.3kappa0.9400000000000001 (0.003, 0.003) 1.0 1
R02constraint0.1kappa0.91 (0.0, 0.0) 199999.0 1
R03constraint0.2kappa0.84 (0.0, 0.0) 199999.0 1
R06constraint0.25kappa0.79 (0.01, 0.01) 167152.0 1
R04constraint0.2kappa0.75 (0.0, 0.0) 199999.0 1
R05constraint0.25kappa0.77 (0.008, 0.008) 182864.0 1
R03constraint0.15kappa0.8200000000000001 (0.0, 0.0) 199999.0 1
R04constraint0.3kappa0.78 (0.0, 0.0) 199999.0 1
R05constraint0.3kappa0.77 (0.008, 0.008) 182864.0 1
R06constraint0.2kappa0.79 (0.008, 0.008) 186723.0 1
R04constraint0.25kappa0.76 (0.0, 0.0) 199999.0 1
R03constraint0.1kappa0.79 (0.0, 0.0) 199999.0 1
R05constraint0.15kappa0.76 (0.008, 0.008) 189776.0 1
R02constraint0.15kappa0.93 (0.0, 0.0) 199999.0 1
R03constraint0.25kappa0.85 (0.0, 0.0) 199999.0 1
R03constraint0.3kappa0.87 (0.001, 0.001) 14995.0 1
R04constraint0.3kappa0.77 (0.0, 0.0) 199999.0 1
R03constraint0.15kappa0.81 (0.0, 0.0) 199999.0 1
R03constraint0.2kappa0.8300000000000001 (0.0, 0.0) 199999.0 1
R03constraint0.1kappa0.78 (0.0, 0.0) 199999.0 1
R04constraint0.25kappa0.75 (0.0, 0.0) 199999.0 1
R06constraint0.3kappa0.79 (0.04, 0.04) 60979.0 1
R04constraint0.15kappa0.73 (0.005, 0.005) 197676.0 1
R05constraint0.1kappa0.75 (0.008, 0.008) 187698.0 1
R04constraint0.2kappa0.74 (0.003, 0.003) 199389.0 1
R04constraint0.1kappa0.72 (0.007, 0.007) 187930.0 1
R02constraint0.1kappa0.9 (0.0, 0.0) 199999.0 1
R05constraint0.2kappa0.76 (0.008, 0.008) 189776.0 1
R04constraint0.3kappa0.76 (0.0, 0.0) 199999.0 1
R06constraint0.1kappa0.78 (0.007, 0.007) 189191.0 1
R03constraint0.25kappa0.84 (0.0, 0.0) 199999.0 1
R06constraint0.15kappa0.78 (0.007, 0.007) 189191.0 1
R03constraint0.1kappa0.77 (0.0, 0.0) 199999.0 1
R03constraint0.15kappa0.8 (0.0, 0.0) 199999.0 1
R02constraint0.25kappa0.93 (0.003, 0.003) 1.0 1
R02constraint0.3kappa0.93 (0.003, 0.003) 1.0 1
R02constraint0.2kappa0.93 (0.003, 0.003) 1.0 1
R03constraint0.2kappa0.8200000000000001 (0.0, 0.0) 199999.0 1
R03constraint0.3kappa0.86 (0.001, 0.001) 15766.0 1
R04constraint0.25kappa0.74 (0.003, 0.003) 199389.0 1
R04constraint0.3kappa0.75 (0.0, 0.0) 199999.0 1
R02constraint0.15kappa0.92 (0.0, 0.0) 199999.0 1
R03constraint0.1kappa0.76 (0.0, 0.0) 199999.0 1
R03constraint0.15kappa0.79 (0.0, 0.0) 199999.0 1
R03constraint0.25kappa0.8300000000000001 (0.0, 0.0) 199999.0 1
R04constraint0.2kappa0.73 (0.005, 0.005) 197676.0 1
R05constraint0.25kappa0.76 (0.009000000000000001, 0.009000000000000001) 177246.0 1
R05constraint0.3kappa0.76 (0.035, 0.035) 58326.0 1
R03constraint0.2kappa0.81 (0.0, 0.0) 199999.0 1
R02constraint0.1kappa0.89 (0.0, 0.0) 199999.0 1
R04constraint0.15kappa0.72 (0.007, 0.007) 187930.0 1
R05constraint0.15kappa0.75 (0.008, 0.008) 187698.0 1
R06constraint0.25kappa0.78 (0.037, 0.037) 72216.0 1
R06constraint0.2kappa0.78 (0.008, 0.008) 179265.0 1
R03constraint0.3kappa0.85 (0.001, 0.001) 16620.0 1
R03constraint0.1kappa0.75 (0.0, 0.0) 199999.0 1
R04constraint0.1kappa0.71 (0.008, 0.008) 185216.0 1
R03constraint0.15kappa0.78 (0.0, 0.0) 199999.0 1
R04constraint0.3kappa0.74 (0.003, 0.003) 199389.0 1
R03constraint0.2kappa0.8 (0.0, 0.0) 199999.0 1
R04constraint0.25kappa0.73 (0.005, 0.005) 197676.0 1
R03constraint0.25kappa0.8200000000000001 (0.0, 0.0) 199999.0 1
R02constraint0.25kappa0.92 (0.003, 0.003) 1.0 1
R05constraint0.1kappa0.74 (0.008, 0.008) 182004.0 1
R02constraint0.3kappa0.92 (0.003, 0.003) 1.0 1
R02constraint0.2kappa0.92 (0.003, 0.003) 1.0 1
R03constraint0.1kappa0.74 (0.0, 0.0) 199999.0 1
R06constraint0.3kappa0.78 (0.067, 0.067) 39502.0 1
R03constraint0.3kappa0.84 (0.001, 0.001) 17571.0 1
R02constraint0.15kappa0.91 (0.0, 0.0) 199999.0 1
R03constraint0.15kappa0.77 (0.0, 0.0) 199999.0 1
R05constraint0.2kappa0.75 (0.008, 0.008) 187698.0 1
R02constraint0.1kappa0.88 (0.0, 0.0) 199999.0 1
R06constraint0.1kappa0.77 (0.006, 0.006) 189068.0 1
R03constraint0.2kappa0.79 (0.0, 0.0) 199999.0 1
R03constraint0.1kappa0.73 (0.0, 0.0) 199999.0 1
R03constraint0.25kappa0.81 (0.0, 0.0) 199999.0 1
R04constraint0.2kappa0.72 (0.007, 0.007) 187930.0 1
R06constraint0.15kappa0.77 (0.007, 0.007) 179261.0 1
R04constraint0.15kappa0.71 (0.008, 0.008) 185216.0 1
R03constraint0.15kappa0.76 (0.0, 0.0) 199999.0 1
R04constraint0.3kappa0.73 (0.006, 0.006) 174989.0 1
R03constraint0.3kappa0.8300000000000001 (0.001, 0.001) 18638.0 1
R03constraint0.1kappa0.72 (0.0, 0.0) 199999.0 1
R03constraint0.2kappa0.78 (0.0, 0.0) 199999.0 1
R04constraint0.25kappa0.72 (0.007, 0.007) 187930.0 1
R05constraint0.3kappa0.75 (0.059000000000000004, 0.059000000000000004) 37037.0 1
R05constraint0.25kappa0.75 (0.03, 0.03) 78094.0 1
R03constraint0.25kappa0.8 (0.0, 0.0) 199999.0 1
R02constraint0.25kappa0.91 (0.003, 0.003) 1.0 1
R02constraint0.3kappa0.91 (0.003, 0.003) 1.0 1
R02constraint0.1kappa0.87 (0.0, 0.0) 199999.0 1
R05constraint0.15kappa0.74 (0.008, 0.008) 182004.0 1
R04constraint0.1kappa0.7000000000000001 (0.008, 0.008) 189706.0 1
R02constraint0.2kappa0.91 (0.003, 0.003) 1.0 1
R03constraint0.15kappa0.75 (0.0, 0.0) 199999.0 1
R06constraint0.25kappa0.77 (0.062, 0.062) 48082.0 1
R02constraint0.15kappa0.9 (0.0, 0.0) 199999.0 1
R06constraint0.2kappa0.77 (0.03, 0.03) 87939.0 1
R03constraint0.1kappa0.71 (0.0, 0.0) 199999.0 1
R03constraint0.2kappa0.77 (0.0, 0.0) 199999.0 1
R03constraint0.3kappa0.8200000000000001 (0.001, 0.001) 19842.0 1
R05constraint0.1kappa0.73 (0.007, 0.007) 184234.0 1
R03constraint0.25kappa0.79 (0.0, 0.0) 199999.0 1
R03constraint0.15kappa0.74 (0.0, 0.0) 199999.0 1
R03constraint0.1kappa0.7000000000000001 (0.0, 0.0) 199999.0 1
R04constraint0.2kappa0.71 (0.008, 0.008) 185216.0 1
R06constraint0.3kappa0.77 (0.092, 0.092) 29907.0 1
R06constraint0.1kappa0.76 (0.005, 0.005) 188523.0 1
R04constraint0.3kappa0.72 (0.025, 0.025) 53846.0 1
R03constraint0.2kappa0.76 (0.0, 0.0) 199999.0 1
R02constraint0.1kappa0.86 (0.0, 0.0) 199999.0 1
R04constraint0.15kappa0.7000000000000001 (0.009000000000000001, 0.009000000000000001) 177157.0 1
R05constraint0.2kappa0.74 (0.022, 0.022) 105127.0 1
R03constraint0.3kappa0.81 (0.001, 0.001) 21212.0 1
R03constraint0.15kappa0.73 (0.0, 0.0) 199999.0 1
R02constraint0.25kappa0.9 (0.003, 0.003) 1.0 1
R06constraint0.15kappa0.76 (0.018000000000000002, 0.018000000000000002) 116860.0 1
R04constraint0.25kappa0.71 (0.019, 0.019) 93037.0 1
R03constraint0.1kappa0.6900000000000001 (0.0, 0.0) 199999.0 1
R03constraint0.25kappa0.78 (0.0, 0.0) 199999.0 1
R02constraint0.3kappa0.9 (0.003, 0.003) 1.0 1
R02constraint0.2kappa0.9 (0.003, 0.003) 1.0 1
R02constraint0.15kappa0.89 (0.0, 0.0) 199999.0 1
R03constraint0.2kappa0.75 (0.0, 0.0) 199999.0 1
R04constraint0.1kappa0.6900000000000001 (0.008, 0.008) 188509.0 1
R03constraint0.15kappa0.72 (0.0, 0.0) 199999.0 1
R03constraint0.1kappa0.68 (0.0, 0.0) 199999.0 1
R05constraint0.3kappa0.74 (0.082, 0.082) 27449.0 1
R03constraint0.3kappa0.8 (0.001, 0.001) 22783.0 1
R05constraint0.25kappa0.74 (0.052000000000000005, 0.052000000000000005) 50077.0 1
R03constraint0.25kappa0.77 (0.0, 0.0) 199999.0 1
R02constraint0.1kappa0.85 (0.0, 0.0) 199999.0 1
R05constraint0.15kappa0.73 (0.009000000000000001, 0.009000000000000001) 166978.0 1
R03constraint0.2kappa0.74 (0.0, 0.0) 199999.0 1
R06constraint0.25kappa0.76 (0.083, 0.083) 37931.0 1
R05constraint0.1kappa0.72 (0.007, 0.007) 176074.0 1
R03constraint0.15kappa0.71 (0.0, 0.0) 199999.0 1
R03constraint0.1kappa0.67 (0.0, 0.0) 199999.0 1
R06constraint0.2kappa0.76 (0.051000000000000004, 0.051000000000000004) 60857.0 1
R02constraint0.25kappa0.89 (0.003, 0.003) 1.0 1
R04constraint0.2kappa0.7000000000000001 (0.009000000000000001, 0.009000000000000001) 177157.0 1
R04constraint0.3kappa0.71 (0.047, 0.047) 29917.0 1
R03constraint0.25kappa0.76 (0.0, 0.0) 199999.0 1
R06constraint0.1kappa0.75 (0.005, 0.005) 177886.0 1
R02constraint0.3kappa0.89 (0.003, 0.003) 1.0 1
R03constraint0.3kappa0.79 (0.001, 0.001) 24604.0 1
R02constraint0.15kappa0.88 (0.0, 0.0) 199999.0 1
R02constraint0.2kappa0.89 (0.003, 0.003) 1.0 1
R03constraint0.2kappa0.73 (0.0, 0.0) 199999.0 1
R04constraint0.15kappa0.6900000000000001 (0.009000000000000001, 0.009000000000000001) 177450.0 1
R03constraint0.15kappa0.7000000000000001 (0.0, 0.0) 199999.0 1
R06constraint0.3kappa0.76 (0.1, 0.1) 30041.0 1
R04constraint0.25kappa0.7000000000000001 (0.039, 0.039) 50385.0 1
R02constraint0.1kappa0.84 (0.0, 0.0) 199999.0 1
R03constraint0.1kappa0.66 (0.0, 0.0) 199999.0 1
R05constraint0.2kappa0.73 (0.041, 0.041) 67972.0 1
R03constraint0.25kappa0.75 (0.0, 0.0) 199999.0 1
R06constraint0.15kappa0.75 (0.036000000000000004, 0.036000000000000004) 79226.0 1
R03constraint0.2kappa0.72 (0.0, 0.0) 199999.0 1
R03constraint0.3kappa0.78 (0.001, 0.001) 26740.0 1
R03constraint0.15kappa0.6900000000000001 (0.0, 0.0) 199999.0 1
R04constraint0.1kappa0.68 (0.008, 0.008) 184548.0 1
R02constraint0.25kappa0.88 (0.003, 0.003) 1.0 1
R03constraint0.1kappa0.65 (0.004, 0.004) 183386.0 1
R05constraint0.1kappa0.71 (0.008, 0.008) 161085.0 1
R02constraint0.15kappa0.87 (0.0, 0.0) 199999.0 1
R05constraint0.3kappa0.73 (0.1, 0.1) 23488.0 1
R03constraint0.25kappa0.74 (0.0, 0.0) 199999.0 1
R02constraint0.1kappa0.8300000000000001 (0.0, 0.0) 199999.0 1
R03constraint0.2kappa0.71 (0.0, 0.0) 199999.0 1
R02constraint0.3kappa0.88 (0.003, 0.003) 1.0 1
R03constraint0.15kappa0.68 (0.0, 0.0) 199999.0 1
R05constraint0.25kappa0.73 (0.07200000000000001, 0.07200000000000001) 38064.0 1
R02constraint0.2kappa0.88 (0.003, 0.003) 1.0 1
R06constraint0.1kappa0.74 (0.017, 0.017) 113224.0 1
R05constraint0.15kappa0.72 (0.027, 0.027) 94358.0 1
R03constraint0.3kappa0.77 (0.001, 0.001) 29278.0 1
R06constraint0.25kappa0.75 (0.1, 0.1) 32809.0 1
R04constraint0.3kappa0.7000000000000001 (0.067, 0.067) 21549.0 1
R04constraint0.2kappa0.6900000000000001 (0.027, 0.027) 83593.0 1
R06constraint0.2kappa0.75 (0.07, 0.07) 47945.0 1
R03constraint0.2kappa0.7000000000000001 (0.0, 0.0) 199999.0 1
R03constraint0.25kappa0.73 (0.0, 0.0) 199999.0 1
R03constraint0.15kappa0.67 (0.0, 0.0) 199999.0 1
R04constraint0.15kappa0.68 (0.013000000000000001, 0.013000000000000001) 144598.0 1
R04constraint0.25kappa0.6900000000000001 (0.057, 0.057) 36127.0 1
R03constraint0.1kappa0.64 (0.005, 0.005) 196512.0 1
R02constraint0.1kappa0.8200000000000001 (0.0, 0.0) 199999.0 1
R03constraint0.3kappa0.76 (0.002, 0.002) 7913.0 1
R02constraint0.25kappa0.87 (0.003, 0.003) 1.0 1
R02constraint0.15kappa0.86 (0.0, 0.0) 199999.0 1
R06constraint0.3kappa0.75 (0.1, 0.1) 32809.0 1
R03constraint0.25kappa0.72 (0.0, 0.0) 199999.0 1
R03constraint0.2kappa0.6900000000000001 (0.0, 0.0) 199999.0 1
R05constraint0.2kappa0.72 (0.059000000000000004, 0.059000000000000004) 51364.0 1
R02constraint0.3kappa0.87 (0.003, 0.003) 1.0 1
R06constraint0.15kappa0.74 (0.053, 0.053) 61539.0 1
R03constraint0.15kappa0.66 (0.0, 0.0) 199999.0 1
R06constraint0.1kappa0.73 (0.026000000000000002, 0.026000000000000002) 91786.0 1
R02constraint0.2kappa0.87 (0.003, 0.003) 1.0 1
R04constraint0.1kappa0.67 (0.008, 0.008) 179348.0 1
R05constraint0.1kappa0.7000000000000001 (0.021, 0.021) 106093.0 1
R03constraint0.3kappa0.75 (0.002, 0.002) 8847.0 1
R03constraint0.2kappa0.68 (0.0, 0.0) 199999.0 1
R02constraint0.1kappa0.81 (0.0, 0.0) 199999.0 1
R03constraint0.25kappa0.71 (0.0, 0.0) 199999.0 1
R05constraint0.3kappa0.72 (0.1, 0.1) 27039.0 1
R03constraint0.1kappa0.63 (0.007, 0.007) 180856.0 1
R06constraint0.1kappa0.72 (0.007, 0.007) 140428.0 1
R05constraint0.15kappa0.71 (0.042, 0.042) 70814.0 1
R05constraint0.25kappa0.72 (0.091, 0.091) 31038.0 1
R04constraint0.3kappa0.6900000000000001 (0.085, 0.085) 17465.0 1
R03constraint0.15kappa0.65 (0.004, 0.004) 183386.0 1
R02constraint0.15kappa0.85 (0.0, 0.0) 199999.0 1
R03constraint0.3kappa0.74 (0.002, 0.002) 10031.0 1
R04constraint0.2kappa0.68 (0.044, 0.044) 56544.0 1
R02constraint0.25kappa0.86 (0.005, 0.005) 1.0 1
R06constraint0.25kappa0.74 (0.1, 0.1) 34910.0 1
R03constraint0.2kappa0.67 (0.0, 0.0) 199999.0 1
R03constraint0.25kappa0.7000000000000001 (0.0, 0.0) 199999.0 1
R04constraint0.15kappa0.67 (0.028, 0.028) 89372.0 1
R02constraint0.3kappa0.86 (0.005, 0.005) 1.0 1
R06constraint0.1kappa0.71 (0.0, 0.0) inf 1
R06constraint0.2kappa0.74 (0.08700000000000001, 0.08700000000000001) 40480.0 1
R02constraint0.2kappa0.86 (0.005, 0.005) 1.0 1
R02constraint0.1kappa0.8 (0.0, 0.0) 199999.0 1
R04constraint0.25kappa0.68 (0.074, 0.074) 28622.0 1
R03constraint0.3kappa0.73 (0.002, 0.002) 11578.0 1
R05constraint0.1kappa0.6900000000000001 (0.033, 0.033) 82926.0 1
R03constraint0.25kappa0.6900000000000001 (0.0, 0.0) 199999.0 1
R06constraint0.3kappa0.74 (0.1, 0.1) 34910.0 1
R03constraint0.2kappa0.66 (0.0, 0.0) 199999.0 1
R03constraint0.15kappa0.64 (0.006, 0.006) 174047.0 1
R04constraint0.1kappa0.66 (0.009000000000000001, 0.009000000000000001) 165810.0 1
R06constraint0.15kappa0.73 (0.068, 0.068) 51659.0 1
R05constraint0.2kappa0.71 (0.076, 0.076) 41870.0 1
R03constraint0.1kappa0.62 (0.008, 0.008) 178758.0 1
R02constraint0.15kappa0.84 (0.0, 0.0) 199999.0 1
R02constraint0.25kappa0.85 (0.005, 0.005) 1.0 1
R02constraint0.1kappa0.79 (0.0, 0.0) 199999.0 1
R03constraint0.3kappa0.72 (0.002, 0.002) 13684.0 1
R02constraint0.3kappa0.85 (0.005, 0.005) 1.0 1
R03constraint0.25kappa0.68 (0.0, 0.0) 199999.0 1
R02constraint0.2kappa0.85 (0.005, 0.005) 1.0 1
R05constraint0.3kappa0.71 (0.1, 0.1) 29927.0 1
R03constraint0.2kappa0.65 (0.004, 0.004) 183386.0 1
R04constraint0.3kappa0.68 (0.1, 0.1) 15607.0 1
R05constraint0.15kappa0.7000000000000001 (0.057, 0.057) 57021.0 1
R05constraint0.25kappa0.71 (0.1, 0.1) 29927.0 1
R04constraint0.2kappa0.67 (0.059000000000000004, 0.059000000000000004) 44421.0 1
R05constraint0.1kappa0.68 (0.033, 0.033) 82092.0 1
R06constraint0.25kappa0.73 (0.1, 0.1) 36482.0 1
R03constraint0.3kappa0.71 (0.002, 0.002) 16713.0 1
R03constraint0.25kappa0.67 (0.0, 0.0) 199999.0 1
R02constraint0.1kappa0.78 (0.0, 0.0) 199999.0 1
R04constraint0.15kappa0.66 (0.041, 0.041) 68126.0 1
R03constraint0.15kappa0.63 (0.007, 0.007) 180856.0 1
R04constraint0.25kappa0.67 (0.089, 0.089) 24478.0 1
R02constraint0.15kappa0.8300000000000001 (0.0, 0.0) 199999.0 1
R06constraint0.2kappa0.73 (0.1, 0.1) 36482.0 1
R02constraint0.25kappa0.84 (0.005, 0.005) 1.0 1
R03constraint0.1kappa0.61 (0.009000000000000001, 0.009000000000000001) 172971.0 1
R02constraint0.3kappa0.84 (0.005, 0.005) 1.0 1
R02constraint0.2kappa0.84 (0.005, 0.005) 1.0 1
R03constraint0.3kappa0.7000000000000001 (0.002, 0.002) 21422.0 1
R04constraint0.1kappa0.65 (0.02, 0.02) 112146.0 1
R03constraint0.25kappa0.66 (0.0, 0.0) 199999.0 1
R03constraint0.2kappa0.64 (0.006, 0.006) 174047.0 1
R06constraint0.3kappa0.73 (0.1, 0.1) 36482.0 1
R06constraint0.15kappa0.72 (0.081, 0.081) 45491.0 1
R05constraint0.1kappa0.67 (0.018000000000000002, 0.018000000000000002) 105748.0 1
R02constraint0.1kappa0.77 (0.0, 0.0) 199999.0 1
R05constraint0.2kappa0.7000000000000001 (0.09, 0.09) 36641.0 1
R02constraint0.15kappa0.8200000000000001 (0.0, 0.0) 199999.0 1
R05constraint0.1kappa0.66 (0.0, 0.0) inf 1
R03constraint0.3kappa0.6900000000000001 (0.002, 0.002) 29662.0 1
R03constraint0.15kappa0.62 (0.008, 0.008) 178758.0 1
R05constraint0.3kappa0.7000000000000001 (0.1, 0.1) 32253.0 1
R04constraint0.3kappa0.67 (0.1, 0.1) 19514.0 1
R02constraint0.25kappa0.8300000000000001 (0.005, 0.005) 1.0 1
R05constraint0.15kappa0.6900000000000001 (0.069, 0.069) 49631.0 1
R03constraint0.25kappa0.65 (0.005, 0.005) 146442.0 1
R02constraint0.3kappa0.8300000000000001 (0.005, 0.005) 1.0 1
R02constraint0.2kappa0.8300000000000001 (0.005, 0.005) 1.0 1
R02constraint0.1kappa0.76 (0.0, 0.0) 199999.0 1
R04constraint0.2kappa0.66 (0.073, 0.073) 37197.0 1
R06constraint0.25kappa0.72 (0.1, 0.1) 37636.0 1
R05constraint0.25kappa0.7000000000000001 (0.1, 0.1) 32253.0 1
R04constraint0.15kappa0.65 (0.054, 0.054) 55284.0 1
R03constraint0.1kappa0.6 (0.009000000000000001, 0.009000000000000001) 176952.0 1
R04constraint0.25kappa0.66 (0.1, 0.1) 22894.0 1
R03constraint0.2kappa0.63 (0.011, 0.011) 121843.0 1
R03constraint0.3kappa0.68 (0.002, 0.002) 47087.0 1
R06constraint0.2kappa0.72 (0.1, 0.1) 37636.0 1
R02constraint0.15kappa0.81 (0.0, 0.0) 199999.0 1
R04constraint0.1kappa0.64 (0.031, 0.031) 86626.0 1
R06constraint0.15kappa0.71 (0.082, 0.082) 45550.0 1
R02constraint0.1kappa0.75 (0.0, 0.0) 199999.0 1
R06constraint0.3kappa0.72 (0.1, 0.1) 37636.0 1
R03constraint0.25kappa0.64 (0.022, 0.022) 36680.0 1
R03constraint0.3kappa0.67 (0.002, 0.002) 95385.0 1
R02constraint0.25kappa0.8200000000000001 (0.005, 0.005) 1.0 1
R02constraint0.3kappa0.8200000000000001 (0.005, 0.005) 1.0 1
R02constraint0.2kappa0.8200000000000001 (0.005, 0.005) 1.0 1
R05constraint0.2kappa0.6900000000000001 (0.1, 0.1) 34109.0 1
R03constraint0.15kappa0.61 (0.01, 0.01) 160889.0 1
R03constraint0.2kappa0.62 (0.026000000000000002, 0.026000000000000002) 57605.0 1
R02constraint0.1kappa0.74 (0.0, 0.0) 199999.0 1
R05constraint0.3kappa0.6900000000000001 (0.1, 0.1) 34109.0 1
R02constraint0.15kappa0.8 (0.0, 0.0) 199999.0 1
R05constraint0.15kappa0.68 (0.081, 0.081) 43989.0 1
R04constraint0.3kappa0.66 (0.1, 0.1) 22894.0 1
R03constraint0.1kappa0.59 (0.01, 0.01) 167509.0 1
R03constraint0.3kappa0.66 (0.013000000000000001, 0.013000000000000001) 2313.0 1
R06constraint0.25kappa0.71 (0.1, 0.1) 38463.0 1
R04constraint0.2kappa0.65 (0.08600000000000001, 0.08600000000000001) 32446.0 1
R04constraint0.15kappa0.64 (0.065, 0.065) 48017.0 1
R05constraint0.25kappa0.6900000000000001 (0.1, 0.1) 34109.0 1
R04constraint0.25kappa0.65 (0.1, 0.1) 25794.0 1
R02constraint0.25kappa0.81 (0.005, 0.005) 1.0 1
R02constraint0.3kappa0.81 (0.005, 0.005) 1.0 1
R03constraint0.25kappa0.63 (0.038, 0.038) 21680.0 1
R02constraint0.2kappa0.81 (0.005, 0.005) 1.0 1
R06constraint0.15kappa0.7000000000000001 (0.065, 0.065) 53860.0 1
R04constraint0.1kappa0.63 (0.041, 0.041) 72323.0 1
R06constraint0.2kappa0.71 (0.1, 0.1) 38463.0 1
R02constraint0.1kappa0.73 (0.0, 0.0) 199999.0 1
R03constraint0.3kappa0.65 (0.031, 0.031) 1697.0 1
R02constraint0.15kappa0.79 (0.0, 0.0) 199999.0 1
R03constraint0.15kappa0.6 (0.023, 0.023) 87056.0 1
R06constraint0.3kappa0.71 (0.1, 0.1) 38463.0 1
R05constraint0.2kappa0.68 (0.1, 0.1) 35575.0 1
R03constraint0.2kappa0.61 (0.039, 0.039) 40443.0 1
R02constraint0.1kappa0.72 (0.0, 0.0) 199999.0 1
R02constraint0.25kappa0.8 (0.005, 0.005) 1.0 1
R02constraint0.2kappa0.8 (0.005, 0.005) 1.0 1
R02constraint0.3kappa0.8 (0.005, 0.005) 1.0 1
R03constraint0.1kappa0.58 (0.014, 0.014) 138000.0 1
R06constraint0.15kappa0.6900000000000001 (0.045, 0.045) 65718.0 1
R05constraint0.15kappa0.67 (0.091, 0.091) 40335.0 1
R05constraint0.3kappa0.68 (0.1, 0.1) 35575.0 1
R06constraint0.25kappa0.7000000000000001 (0.1, 0.1) 39034.0 1
R03constraint0.25kappa0.62 (0.053, 0.053) 15746.0 1
R04constraint0.3kappa0.65 (0.1, 0.1) 25794.0 1
R04constraint0.2kappa0.64 (0.098, 0.098) 29132.0 1
R04constraint0.1kappa0.62 (0.05, 0.05) 63240.0 1
R04constraint0.15kappa0.63 (0.076, 0.076) 42467.0 1
R03constraint0.3kappa0.64 (0.049, 0.049) 464.0 1
R02constraint0.15kappa0.78 (0.0, 0.0) 199999.0 1
R05constraint0.25kappa0.68 (0.1, 0.1) 35575.0 1
R04constraint0.25kappa0.64 (0.1, 0.1) 28263.0 1
R06constraint0.2kappa0.7000000000000001 (0.1, 0.1) 39034.0 1
R02constraint0.1kappa0.71 (0.0, 0.0) 199999.0 1
R02constraint0.2kappa0.79 (0.005, 0.005) 1.0 1
R03constraint0.15kappa0.59 (0.035, 0.035) 61821.0 1
R02constraint0.3kappa0.79 (0.005, 0.005) 1.0 1
R06constraint0.15kappa0.68 (0.023, 0.023) 85526.0 1
R02constraint0.25kappa0.79 (0.005, 0.005) 1.0 1
R06constraint0.3kappa0.7000000000000001 (0.1, 0.1) 39034.0 1
R03constraint0.2kappa0.6 (0.052000000000000005, 0.052000000000000005) 31123.0 1
R05constraint0.2kappa0.67 (0.1, 0.1) 36721.0 1
R06constraint0.15kappa0.67 (0.0, 0.0) inf 1
R02constraint0.15kappa0.77 (0.0, 0.0) 199999.0 1
R02constraint0.1kappa0.7000000000000001 (0.0, 0.0) 199999.0 1
R03constraint0.25kappa0.61 (0.067, 0.067) 12580.0 1
R03constraint0.3kappa0.63 (0.066, 0.066) 499.0 1
R04constraint0.1kappa0.61 (0.047, 0.047) 66530.0 1
R03constraint0.1kappa0.5700000000000001 (0.023, 0.023) 100464.0 1
R06constraint0.25kappa0.6900000000000001 (0.1, 0.1) 39405.0 1
R05constraint0.15kappa0.66 (0.095, 0.095) 39502.0 1
R05constraint0.3kappa0.67 (0.1, 0.1) 36721.0 1
R04constraint0.3kappa0.64 (0.1, 0.1) 28263.0 1
R02constraint0.2kappa0.78 (0.005, 0.005) 1.0 1
R02constraint0.3kappa0.78 (0.005, 0.005) 1.0 1
R02constraint0.25kappa0.78 (0.005, 0.005) 1.0 1
R04constraint0.2kappa0.63 (0.1, 0.1) 30354.0 1
R04constraint0.15kappa0.62 (0.085, 0.085) 39060.0 1
R02constraint0.1kappa0.6900000000000001 (0.0, 0.0) 199999.0 1
R06constraint0.2kappa0.6900000000000001 (0.1, 0.1) 39405.0 1
R04constraint0.25kappa0.63 (0.1, 0.1) 30354.0 1
R05constraint0.25kappa0.67 (0.1, 0.1) 36721.0 1
R02constraint0.15kappa0.76 (0.0, 0.0) 199999.0 1
R03constraint0.15kappa0.58 (0.045, 0.045) 50581.0 1
R06constraint0.3kappa0.6900000000000001 (0.1, 0.1) 39405.0 1
R04constraint0.1kappa0.6 (0.035, 0.035) 79483.0 1
R03constraint0.3kappa0.62 (0.081, 0.081) 399.0 1
R03constraint0.2kappa0.59 (0.064, 0.064) 25850.0 1
R05constraint0.2kappa0.66 (0.1, 0.1) 37604.0 1
R02constraint0.1kappa0.68 (0.0, 0.0) 199999.0 1
R02constraint0.2kappa0.77 (0.005, 0.005) 1.0 1
R02constraint0.3kappa0.77 (0.005, 0.005) 1.0 1
R03constraint0.25kappa0.6 (0.08, 0.08) 10673.0 1
R02constraint0.25kappa0.77 (0.005, 0.005) 1.0 1
R06constraint0.25kappa0.68 (0.1, 0.1) 39620.0 1
R03constraint0.1kappa0.56 (0.032, 0.032) 79752.0 1
R05constraint0.15kappa0.65 (0.082, 0.082) 45410.0 1
R02constraint0.15kappa0.75 (0.0, 0.0) 199999.0 1
R05constraint0.3kappa0.66 (0.1, 0.1) 37604.0 1
R04constraint0.3kappa0.63 (0.1, 0.1) 30354.0 1
R04constraint0.1kappa0.59 (0.022, 0.022) 98075.0 1
R02constraint0.1kappa0.67 (0.0, 0.0) 199999.0 1
R04constraint0.2kappa0.62 (0.1, 0.1) 32112.0 1
R04constraint0.15kappa0.61 (0.094, 0.094) 36149.0 1
R06constraint0.2kappa0.68 (0.1, 0.1) 39620.0 1
R04constraint0.25kappa0.62 (0.1, 0.1) 32112.0 1
R05constraint0.25kappa0.66 (0.1, 0.1) 37604.0 1
R02constraint0.2kappa0.76 (0.005, 0.005) 1.0 1
R02constraint0.3kappa0.76 (0.005, 0.005) 1.0 1
R02constraint0.25kappa0.76 (0.005, 0.005) 1.0 1
R03constraint0.3kappa0.61 (0.096, 0.096) 235.0 1
R02constraint0.15kappa0.74 (0.0, 0.0) 199999.0 1
R06constraint0.3kappa0.68 (0.1, 0.1) 39620.0 1
R03constraint0.15kappa0.5700000000000001 (0.055, 0.055) 42881.0 1
R04constraint0.1kappa0.58 (0.007, 0.007) 140506.0 1
R02constraint0.1kappa0.66 (0.0, 0.0) 199999.0 1
R06constraint0.25kappa0.67 (0.1, 0.1) 39714.0 1
R03constraint0.2kappa0.58 (0.075, 0.075) 22569.0 1
R05constraint0.2kappa0.65 (0.1, 0.1) 38273.0 1
R03constraint0.25kappa0.59 (0.092, 0.092) 9456.0 1
R05constraint0.15kappa0.64 (0.067, 0.067) 52700.0 1
R04constraint0.1kappa0.5700000000000001 (0.0, 0.0) inf 1
R03constraint0.1kappa0.55 (0.041, 0.041) 66398.0 1
R05constraint0.3kappa0.65 (0.1, 0.1) 38273.0 1
R02constraint0.2kappa0.75 (0.005, 0.005) 1.0 1
R02constraint0.3kappa0.75 (0.005, 0.005) 1.0 1
R02constraint0.25kappa0.75 (0.005, 0.005) 1.0 1
R02constraint0.1kappa0.65 (0.0, 0.0) 199999.0 1
R02constraint0.15kappa0.73 (0.0, 0.0) 199999.0 1
R06constraint0.2kappa0.67 (0.1, 0.1) 39714.0 1
R04constraint0.3kappa0.62 (0.1, 0.1) 32112.0 1
R04constraint0.2kappa0.61 (0.1, 0.1) 33584.0 1
R04constraint0.15kappa0.6 (0.1, 0.1) 34808.0 1
R03constraint0.3kappa0.6 (0.1, 0.1) 2259.0 1
R04constraint0.25kappa0.61 (0.1, 0.1) 33584.0 1
R05constraint0.25kappa0.65 (0.1, 0.1) 38273.0 1
R06constraint0.3kappa0.67 (0.1, 0.1) 39714.0 1
R05constraint0.15kappa0.63 (0.051000000000000004, 0.051000000000000004) 61686.0 1
R06constraint0.25kappa0.66 (0.1, 0.1) 39714.0 1
R02constraint0.1kappa0.64 (0.0, 0.0) 199999.0 1
R03constraint0.15kappa0.56 (0.065, 0.065) 37187.0 1
R02constraint0.2kappa0.74 (0.005, 0.005) 1.0 1
R02constraint0.3kappa0.74 (0.005, 0.005) 1.0 1
R02constraint0.25kappa0.74 (0.005, 0.005) 1.0 1
R05constraint0.2kappa0.64 (0.1, 0.1) 38766.0 1
R02constraint0.15kappa0.72 (0.0, 0.0) 199999.0 1
R03constraint0.25kappa0.58 (0.1, 0.1) 9866.0 1
R03constraint0.2kappa0.5700000000000001 (0.08600000000000001, 0.08600000000000001) 19891.0 1
R05constraint0.3kappa0.64 (0.1, 0.1) 38766.0 1
R03constraint0.1kappa0.54 (0.048, 0.048) 59266.0 1
R02constraint0.1kappa0.63 (0.0, 0.0) 199999.0 1
R06constraint0.2kappa0.66 (0.094, 0.094) 41517.0 1
R05constraint0.15kappa0.62 (0.033, 0.033) 74924.0 1
R02constraint0.2kappa0.73 (0.005, 0.005) 1.0 1
R02constraint0.3kappa0.73 (0.005, 0.005) 1.0 1
R03constraint0.3kappa0.59 (0.1, 0.1) 6207.0 1
R02constraint0.25kappa0.73 (0.005, 0.005) 1.0 1
R06constraint0.25kappa0.65 (0.1, 0.1) 39640.0 1
R04constraint0.3kappa0.61 (0.1, 0.1) 33584.0 1
R02constraint0.15kappa0.71 (0.0, 0.0) 199999.0 1
R06constraint0.3kappa0.66 (0.1, 0.1) 39714.0 1
R04constraint0.2kappa0.6 (0.1, 0.1) 34808.0 1
R04constraint0.15kappa0.59 (0.1, 0.1) 35820.0 1
R04constraint0.25kappa0.6 (0.1, 0.1) 34808.0 1
R05constraint0.25kappa0.64 (0.1, 0.1) 38766.0 1
R02constraint0.1kappa0.62 (0.0, 0.0) 199999.0 1
R05constraint0.15kappa0.61 (0.012, 0.012) 103753.0 1
R05constraint0.2kappa0.63 (0.1, 0.1) 39117.0 1
R03constraint0.15kappa0.55 (0.074, 0.074) 33423.0 1
R05constraint0.3kappa0.63 (0.1, 0.1) 39117.0 1
R03constraint0.25kappa0.5700000000000001 (0.1, 0.1) 13219.0 1
R05constraint0.15kappa0.6 (0.0, 0.0) inf 1
R02constraint0.3kappa0.72 (0.005, 0.005) 1.0 1
R02constraint0.2kappa0.72 (0.005, 0.005) 1.0 1
R06constraint0.2kappa0.65 (0.074, 0.074) 48071.0 1
R03constraint0.2kappa0.56 (0.095, 0.095) 18548.0 1
R02constraint0.1kappa0.61 (0.0, 0.0) 199999.0 1
R02constraint0.15kappa0.7000000000000001 (0.0, 0.0) 199999.0 1
R02constraint0.25kappa0.72 (0.005, 0.005) 1.0 1
R06constraint0.25kappa0.64 (0.1, 0.1) 39510.0 1
R03constraint0.1kappa0.53 (0.055, 0.055) 53612.0 1
R06constraint0.3kappa0.65 (0.1, 0.1) 39640.0 1
R03constraint0.3kappa0.58 (0.1, 0.1) 9866.0 1
R04constraint0.3kappa0.6 (0.1, 0.1) 34808.0 1
R02constraint0.1kappa0.6 (0.0, 0.0) 199999.0 1
R04constraint0.2kappa0.59 (0.1, 0.1) 35820.0 1
R04constraint0.15kappa0.58 (0.1, 0.1) 36650.0 1
R04constraint0.25kappa0.59 (0.1, 0.1) 35820.0 1
R05constraint0.25kappa0.63 (0.1, 0.1) 39117.0 1
R02constraint0.3kappa0.71 (0.005, 0.005) 1.0 1
R06constraint0.2kappa0.64 (0.052000000000000005, 0.052000000000000005) 57045.0 1
R02constraint0.2kappa0.71 (0.005, 0.005) 1.0 1
R05constraint0.2kappa0.62 (0.1, 0.1) 39351.0 1
R02constraint0.15kappa0.6900000000000001 (0.0, 0.0) 199999.0 1
R02constraint0.25kappa0.71 (0.005, 0.005) 1.0 1
R05constraint0.3kappa0.62 (0.1, 0.1) 39351.0 1
R03constraint0.15kappa0.54 (0.082, 0.082) 30879.0 1
R06constraint0.25kappa0.63 (0.1, 0.1) 39337.0 1
R02constraint0.1kappa0.59 (0.0, 0.0) 199999.0 1
R03constraint0.25kappa0.56 (0.1, 0.1) 16271.0 1
R06constraint0.2kappa0.63 (0.027, 0.027) 72716.0 1
R06constraint0.3kappa0.64 (0.1, 0.1) 39510.0 1
R03constraint0.2kappa0.55 (0.1, 0.1) 19031.0 1
R02constraint0.3kappa0.7000000000000001 (0.005, 0.005) 1.0 1
R02constraint0.2kappa0.7000000000000001 (0.005, 0.005) 1.0 1
R03constraint0.1kappa0.52 (0.062, 0.062) 48985.0 1
R02constraint0.15kappa0.68 (0.0, 0.0) 199999.0 1
R06constraint0.2kappa0.62 (0.0, 0.0) inf 1
R02constraint0.25kappa0.7000000000000001 (0.005, 0.005) 1.0 1
R03constraint0.3kappa0.5700000000000001 (0.1, 0.1) 13219.0 1
R02constraint0.1kappa0.58 (0.0, 0.0) 199999.0 1
R05constraint0.25kappa0.62 (0.1, 0.1) 39351.0 1
R04constraint0.15kappa0.5700000000000001 (0.095, 0.095) 39245.0 1
R04constraint0.25kappa0.58 (0.1, 0.1) 36650.0 1
R04constraint0.2kappa0.58 (0.1, 0.1) 36650.0 1
R04constraint0.3kappa0.59 (0.1, 0.1) 35820.0 1
R05constraint0.2kappa0.61 (0.1, 0.1) 39491.0 1
R06constraint0.25kappa0.62 (0.1, 0.1) 39130.0 1
R05constraint0.3kappa0.61 (0.1, 0.1) 39491.0 1
R06constraint0.3kappa0.63 (0.1, 0.1) 39337.0 1
R02constraint0.3kappa0.6900000000000001 (0.005, 0.005) 1.0 1
R02constraint0.2kappa0.6900000000000001 (0.005, 0.005) 1.0 1
R02constraint0.1kappa0.5700000000000001 (0.0, 0.0) 199999.0 1
R02constraint0.15kappa0.67 (0.0, 0.0) 199999.0 1
R03constraint0.15kappa0.53 (0.089, 0.089) 29177.0 1
R02constraint0.25kappa0.6900000000000001 (0.005, 0.005) 1.0 1
R03constraint0.25kappa0.55 (0.1, 0.1) 19031.0 1
R06constraint0.25kappa0.61 (0.1, 0.1) 38899.0 1
R03constraint0.1kappa0.51 (0.067, 0.067) 46554.0 1
R03constraint0.2kappa0.54 (0.1, 0.1) 21516.0 1
R05constraint0.2kappa0.6 (0.1, 0.1) 39553.0 1
R02constraint0.1kappa0.56 (0.0, 0.0) 199999.0 1
R04constraint0.15kappa0.56 (0.084, 0.084) 44239.0 1
R05constraint0.25kappa0.61 (0.1, 0.1) 39491.0 1
R02constraint0.3kappa0.68 (0.005, 0.005) 1.0 1
R03constraint0.3kappa0.56 (0.1, 0.1) 16271.0 1
R04constraint0.25kappa0.5700000000000001 (0.1, 0.1) 37324.0 1
R05constraint0.3kappa0.6 (0.1, 0.1) 39553.0 1
R02constraint0.2kappa0.68 (0.005, 0.005) 1.0 1
R02constraint0.15kappa0.66 (0.0, 0.0) 199999.0 1
R06constraint0.3kappa0.62 (0.1, 0.1) 39130.0 1
R04constraint0.2kappa0.5700000000000001 (0.1, 0.1) 37324.0 1
R04constraint0.3kappa0.58 (0.1, 0.1) 36650.0 1
R02constraint0.25kappa0.68 (0.005, 0.005) 1.0 1
R02constraint0.1kappa0.55 (0.0, 0.0) 199999.0 1
R06constraint0.25kappa0.6 (0.096, 0.096) 39627.0 1
R02constraint0.3kappa0.67 (0.005, 0.005) 1.0 1
R02constraint0.15kappa0.65 (0.0, 0.0) 199999.0 1
R02constraint0.2kappa0.67 (0.005, 0.005) 1.0 1
R05constraint0.2kappa0.59 (0.096, 0.096) 40752.0 1
R03constraint0.15kappa0.52 (0.096, 0.096) 27609.0 1
R04constraint0.15kappa0.55 (0.07200000000000001, 0.07200000000000001) 49960.0 1
R05constraint0.25kappa0.6 (0.1, 0.1) 39553.0 1
R05constraint0.3kappa0.59 (0.1, 0.1) 39553.0 1
R06constraint0.3kappa0.61 (0.1, 0.1) 38899.0 1
R02constraint0.1kappa0.54 (0.0, 0.0) 199999.0 1
R03constraint0.25kappa0.54 (0.1, 0.1) 21516.0 1
R02constraint0.25kappa0.67 (0.005, 0.005) 1.0 1
R03constraint0.1kappa0.5 (0.067, 0.067) 47811.0 1
R04constraint0.25kappa0.56 (0.1, 0.1) 37866.0 1
R04constraint0.2kappa0.56 (0.1, 0.1) 37866.0 1
R03constraint0.2kappa0.53 (0.1, 0.1) 23742.0 1
R06constraint0.25kappa0.59 (0.07200000000000001, 0.07200000000000001) 45967.0 1
R04constraint0.3kappa0.5700000000000001 (0.1, 0.1) 37324.0 1
R03constraint0.3kappa0.55 (0.1, 0.1) 19031.0 1
R02constraint0.15kappa0.64 (0.0, 0.0) 199999.0 1
R02constraint0.3kappa0.66 (0.005, 0.005) 1.0 1
R02constraint0.2kappa0.66 (0.005, 0.005) 1.0 1
R02constraint0.1kappa0.53 (0.0, 0.0) 199999.0 1
R05constraint0.2kappa0.58 (0.079, 0.079) 46181.0 1
R04constraint0.15kappa0.54 (0.059000000000000004, 0.059000000000000004) 56776.0 1
R06constraint0.3kappa0.6 (0.1, 0.1) 38650.0 1
R02constraint0.25kappa0.66 (0.005, 0.005) 1.0 1
R05constraint0.3kappa0.58 (0.1, 0.1) 39503.0 1
R05constraint0.25kappa0.59 (0.1, 0.1) 39553.0 1
R06constraint0.25kappa0.58 (0.046, 0.046) 55312.0 1
R02constraint0.15kappa0.63 (0.0, 0.0) 199999.0 1
R04constraint0.25kappa0.55 (0.1, 0.1) 38295.0 1
R02constraint0.1kappa0.52 (0.001, 0.001) 161576.0 1
R03constraint0.15kappa0.51 (0.1, 0.1) 27496.0 1
R03constraint0.1kappa0.49 (0.06, 0.06) 54062.0 1
R02constraint0.3kappa0.65 (0.005, 0.005) 1.0 1
R02constraint0.2kappa0.65 (0.005, 0.005) 1.0 1
R06constraint0.25kappa0.5700000000000001 (0.017, 0.017) 75173.0 1
R04constraint0.2kappa0.55 (0.1, 0.1) 38295.0 1
R04constraint0.3kappa0.56 (0.1, 0.1) 37866.0 1
R03constraint0.25kappa0.53 (0.1, 0.1) 23742.0 1
R05constraint0.2kappa0.5700000000000001 (0.059000000000000004, 0.059000000000000004) 53798.0 1
R04constraint0.15kappa0.53 (0.044, 0.044) 66118.0 1
R03constraint0.3kappa0.54 (0.1, 0.1) 21516.0 1
R02constraint0.25kappa0.65 (0.005, 0.005) 1.0 1
R06constraint0.25kappa0.56 (0.0, 0.0) inf 1
R06constraint0.3kappa0.59 (0.1, 0.1) 38387.0 1
R03constraint0.2kappa0.52 (0.1, 0.1) 25729.0 1
R05constraint0.3kappa0.5700000000000001 (0.1, 0.1) 39411.0 1
R05constraint0.25kappa0.58 (0.1, 0.1) 39503.0 1
R02constraint0.1kappa0.51 (0.0, 0.0) 199999.0 1
R02constraint0.15kappa0.62 (0.0, 0.0) 199999.0 1
R02constraint0.3kappa0.64 (0.005, 0.005) 1.0 1
R05constraint0.2kappa0.56 (0.038, 0.038) 64579.0 1
R02constraint0.2kappa0.64 (0.005, 0.005) 1.0 1
R04constraint0.15kappa0.52 (0.027, 0.027) 80697.0 1
R04constraint0.25kappa0.54 (0.1, 0.1) 38628.0 1
R03constraint0.1kappa0.48 (0.052000000000000005, 0.052000000000000005) 61378.0 1
R02constraint0.25kappa0.64 (0.005, 0.005) 1.0 1
R02constraint0.1kappa0.5 (0.0, 0.0) 199999.0 1
R04constraint0.2kappa0.54 (0.1, 0.1) 38628.0 1
R06constraint0.3kappa0.58 (0.1, 0.1) 38116.0 1
R04constraint0.3kappa0.55 (0.1, 0.1) 38295.0 1
R05constraint0.2kappa0.55 (0.014, 0.014) 87861.0 1
R05constraint0.3kappa0.56 (0.1, 0.1) 39286.0 1
R04constraint0.15kappa0.51 (0.008, 0.008) 114969.0 1
R02constraint0.15kappa0.61 (0.0, 0.0) 199999.0 1
R03constraint0.15kappa0.5 (0.1, 0.1) 29062.0 1
R05constraint0.25kappa0.5700000000000001 (0.1, 0.1) 39411.0 1
R02constraint0.3kappa0.63 (0.005, 0.005) 1.0 1
R03constraint0.25kappa0.52 (0.1, 0.1) 25729.0 1
R05constraint0.2kappa0.54 (0.0, 0.0) inf 1
R02constraint0.2kappa0.63 (0.005, 0.005) 1.0 1
R03constraint0.3kappa0.53 (0.1, 0.1) 23742.0 1
R04constraint0.15kappa0.5 (0.0, 0.0) inf 1
R02constraint0.1kappa0.49 (0.0, 0.0) 199999.0 1
R03constraint0.2kappa0.51 (0.1, 0.1) 27496.0 1
R02constraint0.25kappa0.63 (0.005, 0.005) 1.0 1
R06constraint0.3kappa0.5700000000000001 (0.1, 0.1) 37839.0 1
R04constraint0.25kappa0.53 (0.1, 0.1) 38879.0 1
R02constraint0.15kappa0.6 (0.0, 0.0) 199999.0 1
R03constraint0.1kappa0.47000000000000003 (0.043000000000000003, 0.043000000000000003) 70247.0 1
R05constraint0.3kappa0.55 (0.1, 0.1) 39135.0 1
R04constraint0.2kappa0.53 (0.1, 0.1) 38879.0 1
R02constraint0.3kappa0.62 (0.005, 0.005) 1.0 1
R05constraint0.25kappa0.56 (0.1, 0.1) 39286.0 1
R04constraint0.3kappa0.54 (0.1, 0.1) 38628.0 1
R02constraint0.2kappa0.62 (0.005, 0.005) 1.0 1
R02constraint0.1kappa0.48 (0.003, 0.003) 198165.0 1
R02constraint0.25kappa0.62 (0.005, 0.005) 1.0 1
R03constraint0.15kappa0.49 (0.1, 0.1) 30447.0 1
R06constraint0.3kappa0.56 (0.1, 0.1) 37559.0 1
R02constraint0.15kappa0.59 (0.001, 0.001) 49488.0 1
R03constraint0.3kappa0.52 (0.1, 0.1) 25729.0 1
R04constraint0.25kappa0.52 (0.1, 0.1) 39060.0 1
R05constraint0.3kappa0.54 (0.1, 0.1) 38962.0 1
R03constraint0.1kappa0.46 (0.033, 0.033) 81613.0 1
R03constraint0.25kappa0.51 (0.1, 0.1) 27496.0 1
R02constraint0.3kappa0.61 (0.005, 0.005) 1.0 1
R04constraint0.2kappa0.52 (0.1, 0.1) 39060.0 1
R02constraint0.2kappa0.61 (0.005, 0.005) 1.0 1
R05constraint0.25kappa0.55 (0.1, 0.1) 39135.0 1
R02constraint0.1kappa0.47000000000000003 (0.005, 0.005) 166448.0 1
R04constraint0.3kappa0.53 (0.1, 0.1) 38879.0 1
R03constraint0.2kappa0.5 (0.1, 0.1) 29062.0 1
R02constraint0.25kappa0.61 (0.005, 0.005) 1.0 1
R02constraint0.15kappa0.58 (0.001, 0.001) 55282.0 1
R06constraint0.3kappa0.55 (0.1, 0.1) 37278.0 1
R03constraint0.1kappa0.45 (0.021, 0.021) 99651.0 1
R05constraint0.3kappa0.53 (0.1, 0.1) 38773.0 1
R02constraint0.3kappa0.6 (0.005, 0.005) 1.0 1
R04constraint0.25kappa0.51 (0.1, 0.1) 39182.0 1
R02constraint0.2kappa0.6 (0.005, 0.005) 1.0 1
R05constraint0.25kappa0.54 (0.1, 0.1) 38962.0 1
R04constraint0.2kappa0.51 (0.1, 0.1) 39182.0 1
R03constraint0.15kappa0.48 (0.1, 0.1) 31666.0 1
R02constraint0.1kappa0.46 (0.007, 0.007) 147372.0 1
R03constraint0.3kappa0.51 (0.1, 0.1) 27496.0 1
R02constraint0.25kappa0.6 (0.005, 0.005) 1.0 1
R03constraint0.1kappa0.44 (0.008, 0.008) 135553.0 1
R04constraint0.3kappa0.52 (0.1, 0.1) 39060.0 1
R02constraint0.15kappa0.5700000000000001 (0.001, 0.001) 62552.0 1
R06constraint0.3kappa0.54 (0.1, 0.1) 36997.0 1
R03constraint0.25kappa0.5 (0.1, 0.1) 29062.0 1
R05constraint0.3kappa0.52 (0.1, 0.1) 38572.0 1
R02constraint0.3kappa0.59 (0.005, 0.005) 1.0 1
R03constraint0.1kappa0.43 (0.0, 0.0) inf 1
R03constraint0.2kappa0.49 (0.1, 0.1) 30447.0 1
R02constraint0.2kappa0.59 (0.005, 0.005) 1.0 1
R04constraint0.25kappa0.5 (0.1, 0.1) 39254.0 1
R05constraint0.25kappa0.53 (0.1, 0.1) 38773.0 1
R02constraint0.25kappa0.59 (0.005, 0.005) 1.0 1
R02constraint0.15kappa0.56 (0.001, 0.001) 71908.0 1
R04constraint0.2kappa0.5 (0.1, 0.1) 39254.0 1
R06constraint0.3kappa0.53 (0.09, 0.09) 38837.0 1
R02constraint0.1kappa0.45 (0.015, 0.015) 75301.0 1
R04constraint0.3kappa0.51 (0.1, 0.1) 39182.0 1
R05constraint0.3kappa0.51 (0.1, 0.1) 38360.0 1
R02constraint0.3kappa0.58 (0.005, 0.005) 1.0 1
R03constraint0.15kappa0.47000000000000003 (0.1, 0.1) 32738.0 1
R02constraint0.2kappa0.58 (0.005, 0.005) 1.0 1
R03constraint0.3kappa0.5 (0.1, 0.1) 29062.0 1
R06constraint0.3kappa0.52 (0.062, 0.062) 45738.0 1
R04constraint0.25kappa0.49 (0.1, 0.1) 39283.0 1
R05constraint0.25kappa0.52 (0.1, 0.1) 38572.0 1
R02constraint0.25kappa0.58 (0.005, 0.005) 1.0 1
R02constraint0.15kappa0.55 (0.001, 0.001) 84315.0 1
R03constraint0.25kappa0.49 (0.1, 0.1) 30447.0 1
R04constraint0.2kappa0.49 (0.1, 0.1) 39283.0 1
R03constraint0.2kappa0.48 (0.1, 0.1) 31666.0 1
R04constraint0.3kappa0.5 (0.1, 0.1) 39254.0 1
R02constraint0.3kappa0.5700000000000001 (0.005, 0.005) 1.0 1
R05constraint0.3kappa0.5 (0.1, 0.1) 38141.0 1
R02constraint0.1kappa0.44 (0.022, 0.022) 53877.0 1
R06constraint0.3kappa0.51 (0.031, 0.031) 58076.0 1
R02constraint0.2kappa0.5700000000000001 (0.005, 0.005) 1.0 1
R02constraint0.15kappa0.54 (0.001, 0.001) 101361.0 1
R06constraint0.3kappa0.5 (0.0, 0.0) inf 1
R02constraint0.25kappa0.5700000000000001 (0.005, 0.005) 1.0 1
R05constraint0.25kappa0.51 (0.084, 0.084) 42457.0 1
R04constraint0.25kappa0.48 (0.1, 0.1) 39276.0 1
R03constraint0.3kappa0.49 (0.1, 0.1) 30447.0 1
R03constraint0.15kappa0.46 (0.1, 0.1) 33677.0 1
R04constraint0.2kappa0.48 (0.096, 0.096) 40477.0 1
R02constraint0.3kappa0.56 (0.005, 0.005) 1.0 1
R05constraint0.3kappa0.49 (0.1, 0.1) 37917.0 1
R04constraint0.3kappa0.49 (0.1, 0.1) 39283.0 1
R02constraint0.2kappa0.56 (0.005, 0.005) 1.0 1
R03constraint0.25kappa0.48 (0.1, 0.1) 31666.0 1
R02constraint0.15kappa0.53 (0.001, 0.001) 125696.0 1
R02constraint0.1kappa0.43 (0.029, 0.029) 41945.0 1
R05constraint0.25kappa0.5 (0.061, 0.061) 49350.0 1
R02constraint0.25kappa0.56 (0.005, 0.005) 1.0 1
R03constraint0.2kappa0.47000000000000003 (0.1, 0.1) 32738.0 1
R04constraint0.25kappa0.47000000000000003 (0.1, 0.1) 39238.0 1
R05constraint0.3kappa0.48 (0.1, 0.1) 37689.0 1
R02constraint0.3kappa0.55 (0.005, 0.005) 1.0 1
R04constraint0.2kappa0.47000000000000003 (0.08, 0.08) 45599.0 1
R05constraint0.25kappa0.49 (0.035, 0.035) 60779.0 1
R02constraint0.2kappa0.55 (0.005, 0.005) 1.0 1
R04constraint0.3kappa0.48 (0.1, 0.1) 39276.0 1
R02constraint0.15kappa0.52 (0.002, 0.002) 47068.0 1
R03constraint0.15kappa0.45 (0.1, 0.1) 34496.0 1
R03constraint0.3kappa0.48 (0.1, 0.1) 31666.0 1
R02constraint0.25kappa0.55 (0.005, 0.005) 1.0 1
R05constraint0.25kappa0.48 (0.007, 0.007) 92516.0 1
R02constraint0.1kappa0.42 (0.035, 0.035) 36084.0 1
R05constraint0.3kappa0.47000000000000003 (0.1, 0.1) 37460.0 1
R04constraint0.25kappa0.46 (0.1, 0.1) 39174.0 1
R04constraint0.2kappa0.46 (0.063, 0.063) 51902.0 1
R02constraint0.3kappa0.54 (0.005, 0.005) 1.0 1
R03constraint0.25kappa0.47000000000000003 (0.1, 0.1) 32738.0 1
R05constraint0.25kappa0.47000000000000003 (0.0, 0.0) inf 1
R02constraint0.2kappa0.54 (0.005, 0.005) 1.0 1
R03constraint0.2kappa0.46 (0.1, 0.1) 33677.0 1
R02constraint0.15kappa0.51 (0.002, 0.002) 72947.0 1
R04constraint0.3kappa0.47000000000000003 (0.1, 0.1) 39238.0 1
R02constraint0.25kappa0.54 (0.005, 0.005) 1.0 1
R04constraint0.2kappa0.45 (0.043000000000000003, 0.043000000000000003) 61456.0 1
R05constraint0.3kappa0.46 (0.1, 0.1) 37229.0 1
R03constraint0.15kappa0.44 (0.1, 0.1) 35209.0 1
R03constraint0.3kappa0.47000000000000003 (0.1, 0.1) 32738.0 1
R02constraint0.3kappa0.53 (0.005, 0.005) 1.0 1
R04constraint0.25kappa0.45 (0.1, 0.1) 39089.0 1
R02constraint0.2kappa0.53 (0.005, 0.005) 1.0 1
R02constraint0.15kappa0.5 (0.002, 0.002) 127190.0 1
R02constraint0.1kappa0.41000000000000003 (0.041, 0.041) 31600.0 1
R04constraint0.2kappa0.44 (0.022, 0.022) 77342.0 1
R02constraint0.25kappa0.53 (0.005, 0.005) 1.0 1
R03constraint0.25kappa0.46 (0.1, 0.1) 33677.0 1
R04constraint0.3kappa0.46 (0.1, 0.1) 39174.0 1
R05constraint0.3kappa0.45 (0.1, 0.1) 36999.0 1
R03constraint0.2kappa0.45 (0.1, 0.1) 34496.0 1
R02constraint0.3kappa0.52 (0.005, 0.005) 1.0 1
R04constraint0.2kappa0.43 (0.0, 0.0) inf 1
R04constraint0.25kappa0.44 (0.1, 0.1) 38984.0 1
R02constraint0.2kappa0.52 (0.005, 0.005) 1.0 1
R03constraint0.15kappa0.43 (0.1, 0.1) 35827.0 1
R02constraint0.15kappa0.49 (0.008, 0.008) 15095.0 1
R02constraint0.25kappa0.52 (0.005, 0.005) 1.0 1
R03constraint0.3kappa0.46 (0.1, 0.1) 33677.0 1
R05constraint0.3kappa0.44 (0.1, 0.1) 36769.0 1
R04constraint0.3kappa0.45 (0.1, 0.1) 39089.0 1
R02constraint0.1kappa0.4 (0.046, 0.046) 29377.0 1
R02constraint0.3kappa0.51 (0.02, 0.02) 1.0 1
R03constraint0.25kappa0.45 (0.1, 0.1) 34496.0 1
R02constraint0.2kappa0.51 (0.02, 0.02) 1.0 1
R04constraint0.25kappa0.43 (0.1, 0.1) 38864.0 1
R03constraint0.2kappa0.44 (0.1, 0.1) 35209.0 1
R02constraint0.15kappa0.48 (0.017, 0.017) 7666.0 1
R02constraint0.25kappa0.51 (0.02, 0.02) 1.0 1
R05constraint0.3kappa0.43 (0.088, 0.088) 39104.0 1
R03constraint0.15kappa0.42 (0.1, 0.1) 36361.0 1
R04constraint0.3kappa0.44 (0.1, 0.1) 38984.0 1
R03constraint0.3kappa0.45 (0.1, 0.1) 34496.0 1
R02constraint0.3kappa0.5 (0.02, 0.02) 1.0 1
R02constraint0.2kappa0.5 (0.02, 0.02) 1.0 1
R05constraint0.3kappa0.42 (0.06, 0.06) 46219.0 1
R04constraint0.25kappa0.42 (0.1, 0.1) 38732.0 1
R02constraint0.1kappa0.39 (0.052000000000000005, 0.052000000000000005) 26131.0 1
R02constraint0.25kappa0.5 (0.02, 0.02) 1.0 1
R02constraint0.15kappa0.47000000000000003 (0.026000000000000002, 0.026000000000000002) 4478.0 1
R03constraint0.25kappa0.44 (0.1, 0.1) 35209.0 1
R03constraint0.2kappa0.43 (0.1, 0.1) 35827.0 1
R05constraint0.3kappa0.41000000000000003 (0.029, 0.029) 59191.0 1
R04constraint0.3kappa0.43 (0.1, 0.1) 38864.0 1
R02constraint0.3kappa0.49 (0.043000000000000003, 0.043000000000000003) 1.0 1
R03constraint0.15kappa0.41000000000000003 (0.094, 0.094) 39197.0 1
R02constraint0.2kappa0.49 (0.043000000000000003, 0.043000000000000003) 1.0 1
R03constraint0.3kappa0.44 (0.1, 0.1) 35209.0 1
R05constraint0.3kappa0.4 (0.0, 0.0) inf 1
R04constraint0.25kappa0.41000000000000003 (0.1, 0.1) 38588.0 1
R02constraint0.25kappa0.49 (0.043000000000000003, 0.043000000000000003) 1.0 1
R02constraint0.15kappa0.46 (0.034, 0.034) 3687.0 1
R03constraint0.25kappa0.43 (0.1, 0.1) 35827.0 1
R04constraint0.3kappa0.42 (0.1, 0.1) 38732.0 1
R02constraint0.1kappa0.38 (0.057, 0.057) 24412.0 1
R02constraint0.3kappa0.48 (0.043000000000000003, 0.043000000000000003) 1.0 1
R03constraint0.2kappa0.42 (0.1, 0.1) 36361.0 1
R02constraint0.2kappa0.48 (0.043000000000000003, 0.043000000000000003) 1.0 1
R03constraint0.15kappa0.4 (0.085, 0.085) 43301.0 1
R04constraint0.25kappa0.4 (0.1, 0.1) 38436.0 1
R03constraint0.3kappa0.43 (0.1, 0.1) 35827.0 1
R02constraint0.25kappa0.48 (0.043000000000000003, 0.043000000000000003) 1.0 1
R04constraint0.3kappa0.41000000000000003 (0.1, 0.1) 38588.0 1
R02constraint0.15kappa0.45 (0.042, 0.042) 2705.0 1
R02constraint0.3kappa0.47000000000000003 (0.043000000000000003, 0.043000000000000003) 1.0 1
R03constraint0.25kappa0.42 (0.1, 0.1) 36361.0 1
R04constraint0.25kappa0.39 (0.1, 0.1) 38277.0 1
R03constraint0.2kappa0.41000000000000003 (0.1, 0.1) 36818.0 1
R02constraint0.2kappa0.47000000000000003 (0.043000000000000003, 0.043000000000000003) 1.0 1
R03constraint0.15kappa0.39 (0.074, 0.074) 48510.0 1
R03constraint0.3kappa0.42 (0.1, 0.1) 36361.0 1
R02constraint0.1kappa0.37 (0.061, 0.061) 23808.0 1
R02constraint0.25kappa0.47000000000000003 (0.043000000000000003, 0.043000000000000003) 1.0 1
R04constraint0.3kappa0.4 (0.1, 0.1) 38436.0 1
R04constraint0.25kappa0.38 (0.085, 0.085) 41936.0 1
R02constraint0.3kappa0.46 (0.065, 0.065) 1.0 1
R02constraint0.15kappa0.44 (0.049, 0.049) 2603.0 1
R03constraint0.15kappa0.38 (0.062, 0.062) 54700.0 1
R03constraint0.25kappa0.41000000000000003 (0.1, 0.1) 36818.0 1
R02constraint0.2kappa0.46 (0.065, 0.065) 1.0 1
R03constraint0.2kappa0.4 (0.1, 0.1) 37208.0 1
R03constraint0.3kappa0.41000000000000003 (0.1, 0.1) 36818.0 1
R04constraint0.3kappa0.39 (0.1, 0.1) 38277.0 1
R04constraint0.25kappa0.37 (0.063, 0.063) 48451.0 1
R02constraint0.25kappa0.46 (0.065, 0.065) 1.0 1
R02constraint0.1kappa0.36 (0.065, 0.065) 23128.0 1
R03constraint0.15kappa0.37 (0.049, 0.049) 62393.0 1
R04constraint0.25kappa0.36 (0.037, 0.037) 59508.0 1
R02constraint0.3kappa0.45 (0.065, 0.065) 1.0 1
R02constraint0.15kappa0.43 (0.056, 0.056) 2114.0 1
R04constraint0.3kappa0.38 (0.1, 0.1) 38111.0 1
R03constraint0.25kappa0.4 (0.1, 0.1) 37208.0 1
R03constraint0.3kappa0.4 (0.1, 0.1) 37208.0 1
R02constraint0.2kappa0.45 (0.065, 0.065) 1.0 1
R03constraint0.2kappa0.39 (0.1, 0.1) 37538.0 1
R04constraint0.25kappa0.35000000000000003 (0.008, 0.008) 89889.0 1
R02constraint0.25kappa0.45 (0.065, 0.065) 1.0 1
R03constraint0.15kappa0.36 (0.034, 0.034) 73621.0 1
R04constraint0.25kappa0.34 (0.0, 0.0) inf 1
R02constraint0.1kappa0.35000000000000003 (0.07, 0.07) 21513.0 1
R04constraint0.3kappa0.37 (0.1, 0.1) 37942.0 1
R02constraint0.3kappa0.44 (0.065, 0.065) 1.0 1
R03constraint0.3kappa0.39 (0.1, 0.1) 37538.0 1
R03constraint0.25kappa0.39 (0.1, 0.1) 37538.0 1
R03constraint0.15kappa0.35000000000000003 (0.017, 0.017) 93716.0 1
R02constraint0.2kappa0.44 (0.065, 0.065) 1.0 1
R02constraint0.15kappa0.42 (0.062, 0.062) 2291.0 1
R03constraint0.2kappa0.38 (0.1, 0.1) 37815.0 1
R02constraint0.25kappa0.44 (0.065, 0.065) 1.0 1
R03constraint0.15kappa0.34 (0.0, 0.0) inf 1
R04constraint0.3kappa0.36 (0.1, 0.1) 37768.0 1
R03constraint0.3kappa0.38 (0.1, 0.1) 37815.0 1
R02constraint0.3kappa0.43 (0.065, 0.065) 1.0 1
R03constraint0.25kappa0.38 (0.1, 0.1) 37815.0 1
R02constraint0.1kappa0.34 (0.073, 0.073) 21627.0 1
R03constraint0.2kappa0.37 (0.1, 0.1) 38044.0 1
R02constraint0.2kappa0.43 (0.065, 0.065) 1.0 1
R04constraint0.3kappa0.35000000000000003 (0.1, 0.1) 37592.0 1
R02constraint0.15kappa0.41000000000000003 (0.068, 0.068) 2205.0 1
R02constraint0.25kappa0.43 (0.065, 0.065) 1.0 1
R03constraint0.3kappa0.37 (0.1, 0.1) 38044.0 1
R04constraint0.3kappa0.34 (0.1, 0.1) 37414.0 1
R03constraint0.25kappa0.37 (0.1, 0.1) 38044.0 1
R03constraint0.2kappa0.36 (0.1, 0.1) 38231.0 1
R02constraint0.3kappa0.42 (0.07200000000000001, 0.07200000000000001) 1.0 1
R02constraint0.2kappa0.42 (0.07200000000000001, 0.07200000000000001) 1.0 1
R02constraint0.1kappa0.33 (0.077, 0.077) 20822.0 1
R02constraint0.15kappa0.4 (0.074, 0.074) 1865.0 1
R03constraint0.3kappa0.36 (0.1, 0.1) 38231.0 1
R02constraint0.25kappa0.42 (0.07200000000000001, 0.07200000000000001) 1.0 1
R04constraint0.3kappa0.33 (0.1, 0.1) 37235.0 1
R03constraint0.25kappa0.36 (0.1, 0.1) 38231.0 1
R03constraint0.2kappa0.35000000000000003 (0.1, 0.1) 38381.0 1
R02constraint0.3kappa0.41000000000000003 (0.078, 0.078) 1.0 1
R04constraint0.3kappa0.32 (0.1, 0.1) 37056.0 1
R02constraint0.2kappa0.41000000000000003 (0.078, 0.078) 1.0 1
R03constraint0.3kappa0.35000000000000003 (0.1, 0.1) 38381.0 1
R02constraint0.1kappa0.32 (0.08, 0.08) 20753.0 1
R02constraint0.15kappa0.39 (0.079, 0.079) 2051.0 1
R02constraint0.25kappa0.41000000000000003 (0.078, 0.078) 1.0 1
R03constraint0.25kappa0.35000000000000003 (0.1, 0.1) 38381.0 1
R03constraint0.2kappa0.34 (0.1, 0.1) 38497.0 1
R04constraint0.3kappa0.31 (0.1, 0.1) 36876.0 1
R03constraint0.3kappa0.34 (0.1, 0.1) 38497.0 1
R02constraint0.3kappa0.4 (0.082, 0.082) 2.0 1
R02constraint0.2kappa0.4 (0.082, 0.082) 2.0 1
R04constraint0.3kappa0.3 (0.1, 0.1) 36697.0 1
R02constraint0.15kappa0.38 (0.084, 0.084) 2040.0 1
R02constraint0.1kappa0.31 (0.083, 0.083) 20598.0 1
R03constraint0.25kappa0.34 (0.1, 0.1) 38497.0 1
R03constraint0.2kappa0.33 (0.1, 0.1) 38583.0 1
R02constraint0.25kappa0.4 (0.082, 0.082) 2.0 1
R03constraint0.3kappa0.33 (0.1, 0.1) 38583.0 1
R04constraint0.3kappa0.29 (0.1, 0.1) 36518.0 1
R02constraint0.3kappa0.39 (0.094, 0.094) 2.0 1
R03constraint0.25kappa0.33 (0.1, 0.1) 38583.0 1
R03constraint0.2kappa0.32 (0.1, 0.1) 38643.0 1
R02constraint0.2kappa0.39 (0.094, 0.094) 2.0 1
R03constraint0.3kappa0.32 (0.1, 0.1) 38643.0 1
R02constraint0.1kappa0.3 (0.08600000000000001, 0.08600000000000001) 20371.0 1
R02constraint0.15kappa0.37 (0.089, 0.089) 1837.0 1
R04constraint0.3kappa0.28 (0.097, 0.097) 36954.0 1
R02constraint0.25kappa0.39 (0.094, 0.094) 2.0 1
R03constraint0.25kappa0.32 (0.1, 0.1) 38643.0 1
R04constraint0.3kappa0.27 (0.067, 0.067) 43979.0 1
R03constraint0.2kappa0.31 (0.1, 0.1) 38679.0 1
R03constraint0.3kappa0.31 (0.1, 0.1) 38679.0 1
R02constraint0.3kappa0.38 (0.094, 0.094) 3.0 1
R02constraint0.2kappa0.38 (0.094, 0.094) 3.0 1
R02constraint0.1kappa0.29 (0.088, 0.088) 20778.0 1
R04constraint0.3kappa0.26 (0.032, 0.032) 57335.0 1
R02constraint0.15kappa0.36 (0.094, 0.094) 1511.0 1
R02constraint0.25kappa0.38 (0.094, 0.094) 3.0 1
R04constraint0.3kappa0.25 (0.0, 0.0) inf 1
R03constraint0.25kappa0.31 (0.1, 0.1) 38679.0 1
R03constraint0.3kappa0.3 (0.1, 0.1) 38695.0 1
R03constraint0.2kappa0.3 (0.1, 0.1) 38695.0 1
R02constraint0.3kappa0.37 (0.1, 0.1) 7.0 1
R02constraint0.2kappa0.37 (0.1, 0.1) 7.0 1
R02constraint0.1kappa0.28 (0.09, 0.09) 21095.0 1
R03constraint0.3kappa0.29 (0.1, 0.1) 38692.0 1
R03constraint0.25kappa0.3 (0.1, 0.1) 38695.0 1
R03constraint0.2kappa0.29 (0.1, 0.1) 38692.0 1
R02constraint0.15kappa0.35000000000000003 (0.098, 0.098) 1654.0 1
R02constraint0.25kappa0.37 (0.1, 0.1) 7.0 1
R03constraint0.3kappa0.28 (0.1, 0.1) 38673.0 1
R03constraint0.25kappa0.29 (0.1, 0.1) 38692.0 1
R02constraint0.3kappa0.36 (0.1, 0.1) 15.0 1
R03constraint0.2kappa0.28 (0.08600000000000001, 0.08600000000000001) 43067.0 1
R02constraint0.1kappa0.27 (0.092, 0.092) 21332.0 1
R02constraint0.2kappa0.36 (0.1, 0.1) 15.0 1
R02constraint0.15kappa0.34 (0.1, 0.1) 2800.0 1
R02constraint0.25kappa0.36 (0.1, 0.1) 15.0 1
R03constraint0.3kappa0.27 (0.1, 0.1) 38639.0 1
R03constraint0.25kappa0.28 (0.1, 0.1) 38673.0 1
R03constraint0.2kappa0.27 (0.069, 0.069) 49071.0 1
R02constraint0.1kappa0.26 (0.089, 0.089) 24853.0 1
R02constraint0.3kappa0.35000000000000003 (0.1, 0.1) 531.0 1
R02constraint0.2kappa0.35000000000000003 (0.1, 0.1) 531.0 1
R03constraint0.3kappa0.26 (0.1, 0.1) 38592.0 1
R03constraint0.2kappa0.26 (0.048, 0.048) 58379.0 1
R03constraint0.25kappa0.27 (0.1, 0.1) 38639.0 1
R02constraint0.25kappa0.35000000000000003 (0.1, 0.1) 531.0 1
R02constraint0.15kappa0.33 (0.1, 0.1) 5006.0 1
R03constraint0.2kappa0.25 (0.024, 0.024) 75097.0 1
R03constraint0.3kappa0.25 (0.1, 0.1) 38534.0 1
R02constraint0.1kappa0.25 (0.08700000000000001, 0.08700000000000001) 27597.0 1
R02constraint0.3kappa0.34 (0.1, 0.1) 2800.0 1
R03constraint0.2kappa0.24 (0.0, 0.0) inf 1
R03constraint0.25kappa0.26 (0.1, 0.1) 38592.0 1
R02constraint0.2kappa0.34 (0.1, 0.1) 2800.0 1
R03constraint0.3kappa0.24 (0.1, 0.1) 38466.0 1
R02constraint0.25kappa0.34 (0.1, 0.1) 2800.0 1
R02constraint0.15kappa0.32 (0.1, 0.1) 7113.0 1
R02constraint0.1kappa0.24 (0.083, 0.083) 31638.0 1
R03constraint0.25kappa0.25 (0.1, 0.1) 38534.0 1
R02constraint0.3kappa0.33 (0.1, 0.1) 5006.0 1
R03constraint0.3kappa0.23 (0.1, 0.1) 38389.0 1
R02constraint0.2kappa0.33 (0.1, 0.1) 5006.0 1
R03constraint0.25kappa0.24 (0.1, 0.1) 38466.0 1
R02constraint0.15kappa0.31 (0.1, 0.1) 9117.0 1
R02constraint0.25kappa0.33 (0.1, 0.1) 5006.0 1
R02constraint0.1kappa0.23 (0.079, 0.079) 35609.0 1
R03constraint0.3kappa0.22 (0.1, 0.1) 38304.0 1
R02constraint0.3kappa0.32 (0.1, 0.1) 7113.0 1
R02constraint0.2kappa0.32 (0.1, 0.1) 7113.0 1
R03constraint0.25kappa0.23 (0.1, 0.1) 38389.0 1
R02constraint0.1kappa0.22 (0.074, 0.074) 40249.0 1
R02constraint0.15kappa0.3 (0.1, 0.1) 11019.0 1
R02constraint0.25kappa0.32 (0.1, 0.1) 7113.0 1
R03constraint0.25kappa0.22 (0.1, 0.1) 38304.0 1
R02constraint0.3kappa0.31 (0.1, 0.1) 9117.0 1
R02constraint0.2kappa0.31 (0.1, 0.1) 9117.0 1
R02constraint0.15kappa0.29 (0.1, 0.1) 12819.0 1
R02constraint0.25kappa0.31 (0.1, 0.1) 9117.0 1
R02constraint0.3kappa0.3 (0.1, 0.1) 11019.0 1
R02constraint0.2kappa0.3 (0.1, 0.1) 11019.0 1
R02constraint0.15kappa0.28 (0.1, 0.1) 14520.0 1
R02constraint0.25kappa0.3 (0.1, 0.1) 11019.0 1
R02constraint0.3kappa0.29 (0.1, 0.1) 12819.0 1
R02constraint0.2kappa0.29 (0.1, 0.1) 12819.0 1
R02constraint0.15kappa0.27 (0.1, 0.1) 16124.0 1
R02constraint0.25kappa0.29 (0.1, 0.1) 12819.0 1
R02constraint0.3kappa0.28 (0.1, 0.1) 14520.0 1
R02constraint0.2kappa0.28 (0.1, 0.1) 14520.0 1
R02constraint0.15kappa0.26 (0.1, 0.1) 17634.0 1
R02constraint0.25kappa0.28 (0.1, 0.1) 14520.0 1
R02constraint0.3kappa0.27 (0.1, 0.1) 16124.0 1
R02constraint0.2kappa0.27 (0.1, 0.1) 16124.0 1
R02constraint0.15kappa0.25 (0.1, 0.1) 19053.0 1
R02constraint0.25kappa0.27 (0.1, 0.1) 16124.0 1
R02constraint0.3kappa0.26 (0.1, 0.1) 17634.0 1
R02constraint0.2kappa0.26 (0.1, 0.1) 17634.0 1
R02constraint0.15kappa0.24 (0.1, 0.1) 20385.0 1
R02constraint0.25kappa0.26 (0.1, 0.1) 17634.0 1
R02constraint0.3kappa0.25 (0.1, 0.1) 19053.0 1
R02constraint0.2kappa0.25 (0.1, 0.1) 19053.0 1
R02constraint0.15kappa0.23 (0.1, 0.1) 21633.0 1
R02constraint0.25kappa0.25 (0.1, 0.1) 19053.0 1
R02constraint0.3kappa0.24 (0.1, 0.1) 20385.0 1
R02constraint0.2kappa0.24 (0.1, 0.1) 20385.0 1
R02constraint0.15kappa0.22 (0.1, 0.1) 22800.0 1
R02constraint0.25kappa0.24 (0.1, 0.1) 20385.0 1
R02constraint0.3kappa0.23 (0.1, 0.1) 21633.0 1
R02constraint0.2kappa0.23 (0.1, 0.1) 21633.0 1
R02constraint0.25kappa0.23 (0.1, 0.1) 21633.0 1
R02constraint0.3kappa0.22 (0.1, 0.1) 22800.0 1
R02constraint0.2kappa0.22 (0.1, 0.1) 22800.0 1
R02constraint0.25kappa0.22 (0.1, 0.1) 22800.0 1
